id,first_name,last_name,email,gender,city,job,salary
1,Leland,Linacre,llinacre0@time.com,Male,Birigui,Senior Developer,6984
2,Travis,Nollet,tnollet1@hugedomains.com,Non-binary,Guanlu,Senior Financial Analyst,7919
3,Gonzalo,Fairholme,gfairholme2@comcast.net,Male,Tahilt,Media Manager I,1429
4,Asher,Delgua,adelgua3@people.com.cn,Male,Bayanaūyl,Desktop Support Technician,1273
5,Camille,Abbet,cabbet4@soundcloud.com,Female,Bilajer,Senior Financial Analyst,4794
6,Alec,Masters,amasters5@omniture.com,Male,Gejiu,Design Engineer,9444
7,Hillard,Buxcey,hbuxcey6@archive.org,Male,Santa Rosa de Cabal,Information Systems Manager,3272
8,Justine,Dransfield,jdransfield7@sohu.com,Female,Kaleybar,Project Manager,8889
9,Perl,Rivelin,privelin8@adobe.com,Female,Trondheim,Structural Engineer,2972
10,Iain,Greasley,igreasley9@arizona.edu,Male,Karangarjo,Operator,1172
11,Berty,Wickardt,bwickardta@sun.com,Male,Bucu Lor,Assistant Manager,7076
12,Johnathan,MacNaughton,jmacnaughtonb@lycos.com,Male,Liancheng,Biostatistician II,2072
13,Daile,Domenge,ddomengec@noaa.gov,Agender,Zorak,Environmental Tech,7652
14,Rosanna,Considine,rconsidined@indiatimes.com,Female,Tomohon,Account Representative II,7900
15,Courtney,Fidelli,cfidellie@walmart.com,Male,Mikulintsy,Community Outreach Specialist,2994
16,Kata,Naismith,knaismithf@deviantart.com,Non-binary,Hronov,VP Accounting,3278
17,Waiter,Willbraham,wwillbrahamg@lulu.com,Male,Kovářov,Developer I,2946
18,Axe,Malcher,amalcherh@cnet.com,Male,Sarata,Junior Executive,8955
19,Elisha,Drinkall,edrinkalli@slate.com,Male,General La Madrid,Tax Accountant,3833
20,Constance,Peiro,cpeiroj@rambler.ru,Female,Santa Valha,Director of Sales,9465
21,Ansel,Filipyev,afilipyevk@seattletimes.com,Male,Kista,Mechanical Systems Engineer,8296
22,Erick,Buckler,ebucklerl@google.com,Male,San Benito Abad,Software Test Engineer IV,8349
23,Andrey,Giannassi,agiannassim@ask.com,Male,Dongsheng,Senior Editor,7917
24,Nerti,Carwithen,ncarwithenn@nba.com,Female,Necochea,Recruiter,3837
25,Mendy,Clara,mclarao@uol.com.br,Male,Polovinnoye,Web Designer I,4065
26,Burgess,Wimp,bwimpp@abc.net.au,Male,Guayaquil,Director of Sales,3069
27,Riannon,Messer,rmesserq@tamu.edu,Female,Vilya,Mechanical Systems Engineer,9914
28,Randy,Wanek,rwanekr@msu.edu,Female,Zhongshan,Nurse,6060
29,Kristin,Normington,knormingtons@arstechnica.com,Genderqueer,Ilovlya,Civil Engineer,8115
30,Olivier,Vanyatin,ovanyatint@twitter.com,Male,Milot,Project Manager,7305
31,Kacy,Zimmerman,kzimmermanu@creativecommons.org,Female,Žemaičių Naumiestis,Electrical Engineer,7503
32,Ferdy,Cristol,fcristolv@bbc.co.uk,Male,Saint-Bruno,Recruiting Manager,3802
33,Dre,Selwin,dselwinw@fema.gov,Female,Jackson,Sales Representative,6238
34,Raeann,Medcalf,rmedcalfx@nature.com,Female,Gahe,Accounting Assistant II,3547
35,Francis,Braghini,fbraghiniy@nifty.com,Male,Świętajno,Legal Assistant,7220
36,Moss,MacCracken,mmaccrackenz@google.com,Male,Heyin,VP Product Management,8908
37,Toby,Jee,tjee10@mit.edu,Male,Shatoujiao,Financial Analyst,3879
38,Edward,Parlott,eparlott11@mapquest.com,Male,Soledade,Paralegal,6854
39,Nicolais,Doubleday,ndoubleday12@ning.com,Male,Ngerengere,Financial Advisor,1107
40,Brandyn,Lipyeat,blipyeat13@tmall.com,Male,Juru,Paralegal,2899
41,Norine,Tenniswood,ntenniswood14@newsvine.com,Female,Hlyboka,VP Product Management,4546
42,Carolina,Feaveer,cfeaveer15@aboutads.info,Female,Tianning,Sales Associate,1339
43,Alida,Tawse,atawse16@dot.gov,Female,Tamnag,General Manager,3251
44,Brianne,Warnes,bwarnes17@squarespace.com,Female,Hexi,Health Coach IV,4834
45,Almeda,Deener,adeener18@hubpages.com,Female,Shajia’ao,Financial Analyst,1307
46,Ambrosius,Muckersie,amuckersie19@scribd.com,Male,Yangshuo,Structural Analysis Engineer,9479
47,Terencio,Goreisr,tgoreisr1a@opera.com,Male,Llocllapampa,Professor,4520
48,Curt,Casillas,ccasillas1b@yandex.ru,Male,Mozdok,Dental Hygienist,9503
49,Raimund,Matchett,rmatchett1c@virginia.edu,Male,Nuits-Saint-Georges,VP Quality Control,8313
50,Lila,Mesias,lmesias1d@nytimes.com,Female,Laojieji,Librarian,8538
51,Wye,McGrudder,wmcgrudder1e@time.com,Male,Páno Polemídia,Registered Nurse,3727
52,Ichabod,Etchingham,ietchingham1f@ask.com,Male,Erenhot,Legal Assistant,7040
53,Osbourne,Friett,ofriett1g@tripod.com,Male,"Las Vegas, Santa Barbara",Budget/Accounting Analyst IV,4817
54,Siffre,Lidington,slidington1h@tripod.com,Male,Berkovitsa,Account Coordinator,8136
55,Olly,Pitney,opitney1i@pen.io,Male,Shengze,Accounting Assistant IV,7457
56,Jock,Dinjes,jdinjes1j@cisco.com,Male,Dado,Structural Analysis Engineer,3988
57,Meta,Brodway,mbrodway1k@blog.com,Female,Shahrisabz Shahri,Safety Technician IV,2482
58,Englebert,Heinsh,eheinsh1l@eepurl.com,Male,Bojongsari,Budget/Accounting Analyst IV,7294
59,Katuscha,Wickie,kwickie1m@nydailynews.com,Bigender,Vidzy,VP Quality Control,1720
60,Renata,Beasleigh,rbeasleigh1n@forbes.com,Female,Partille,Community Outreach Specialist,2289
61,Maureen,Petzold,mpetzold1o@biblegateway.com,Female,Triesenberg,Design Engineer,1016
62,April,Knotton,aknotton1p@google.nl,Female,Hejiang,Recruiter,6324
63,Jecho,McLevie,jmclevie1q@dropbox.com,Male,Fonte Boa,Editor,9382
64,Rozella,Kellar,rkellar1r@freewebs.com,Female,Czerwin,GIS Technical Architect,7114
65,Mathilda,Plank,mplank1s@prnewswire.com,Female,Xinzhou,VP Product Management,6228
66,Mayne,Aland,maland1t@deviantart.com,Male,Hagi,Computer Systems Analyst I,3056
67,Beilul,Keyson,bkeyson1u@nationalgeographic.com,Female,Labangka Satu,Safety Technician II,8930
68,Oswell,Garlant,ogarlant1v@home.pl,Male,Zgornje Pirniče,Graphic Designer,9940
69,Allsun,Hansford,ahansford1w@squidoo.com,Agender,Abreus,Human Resources Assistant III,2276
70,Dani,Fryman,dfryman1x@netlog.com,Male,Kunshan,Systems Administrator I,8884
71,Toby,Hambleton,thambleton1y@hatena.ne.jp,Agender,He’an,Chief Design Engineer,9189
72,Jesselyn,Emanuele,jemanuele1z@cnn.com,Female,Pepayan,Physical Therapy Assistant,7130
73,Ezequiel,Dionisio,edionisio20@netvibes.com,Male,Rtishchevo,Health Coach II,8891
74,Dasi,Batalini,dbatalini21@census.gov,Female,Cortes,Environmental Specialist,9940
75,Cosette,Churly,cchurly22@jugem.jp,Female,Zibreira,Senior Developer,2063
76,Jarrett,De Ambrosi,jdeambrosi23@tiny.cc,Male,Khānaqāh,Desktop Support Technician,7979
77,Leonhard,Sennett,lsennett24@wikipedia.org,Male,Jianggang,Research Assistant II,8700
78,Morna,Breakwell,mbreakwell25@slate.com,Female,Azilal,Nurse Practicioner,6737
79,Gracie,Dochon,gdochon26@buzzfeed.com,Female,Reni,Food Chemist,6373
80,Myca,Renehan,mrenehan27@dailymotion.com,Male,San Francisco,Help Desk Technician,9351
81,Jaquelin,Mahomet,jmahomet28@chron.com,Female,Kebonsari Kidul,Accountant II,5345
82,Pren,Chue,pchue29@engadget.com,Male,Lazaro Cardenas,Registered Nurse,1583
83,Pete,Szymoni,pszymoni2a@nih.gov,Male,Akure,VP Sales,8819
84,Gibby,Cords,gcords2b@flavors.me,Male,Cincinnati,Senior Developer,8174
85,Jacobo,Scafe,jscafe2c@bigcartel.com,Male,Strängnäs,Research Nurse,4524
86,Leese,Mc Pake,lmcpake2d@nytimes.com,Female,Dmanisi,Sales Representative,3139
87,Klemens,De Freitas,kdefreitas2e@google.it,Male,Almafuerte,Professor,8287
88,Culley,Forgan,cforgan2f@flavors.me,Male,Wąpielsk,Geological Engineer,2961
89,Cheston,McGeorge,cmcgeorge2g@51.la,Male,Baoji,Database Administrator II,2434
90,Nadine,Walkling,nwalkling2h@hatena.ne.jp,Female,Manuel Roxas,Graphic Designer,3811
91,Torr,Sendley,tsendley2i@yellowbook.com,Bigender,Yingpu,Geological Engineer,8320
92,Lexine,Ashbridge,lashbridge2j@meetup.com,Female,Shinao,Information Systems Manager,7924
93,Godfrey,Yokelman,gyokelman2k@smugmug.com,Male,Shicang,Marketing Assistant,9791
94,Guillaume,Sancto,gsancto2l@disqus.com,Male,Gaïtánion,Assistant Media Planner,4067
95,Orson,Ackers,oackers2m@about.me,Male,Kirovskaya,Senior Sales Associate,4683
96,Bunni,Bambra,bbambra2n@usa.gov,Female,San Francisco,Accounting Assistant I,8008
97,Barn,Dupey,bdupey2o@miibeian.gov.cn,Male,Xian’an,Chief Design Engineer,8210
98,Georg,De Andisie,gdeandisie2p@intel.com,Male,Isangel,Internal Auditor,3396
99,Janaye,Ritmeyer,jritmeyer2q@economist.com,Female,Uppsala,Senior Cost Accountant,2754
100,Skipper,Ioannou,sioannou2r@paginegialle.it,Male,Avon,Occupational Therapist,7776
101,Luci,Seaward,lseaward2s@marketwatch.com,Polygender,Cardona,Paralegal,7995
102,Normand,Petrecz,npetrecz2t@tinypic.com,Male,Périgueux,Compensation Analyst,8061
103,Alfons,Kneeshaw,akneeshaw2u@exblog.jp,Male,Kozyatyn,Recruiter,7205
104,Rockie,Ingon,ringon2v@de.vu,Male,Golubac,Environmental Specialist,2773
105,Ivy,Maseyk,imaseyk2w@discovery.com,Female,Píritu,Quality Control Specialist,7354
106,Reta,Eick,reick2x@home.pl,Female,Rublëvo,Staff Accountant I,3297
107,Ettore,Cadney,ecadney2y@sfgate.com,Male,Chaodi,Structural Engineer,7313
108,Nance,Agnew,nagnew2z@arizona.edu,Female,Yongqin,Junior Executive,4092
109,Udall,Biddulph,ubiddulph30@youtu.be,Male,Sinŭiju,Legal Assistant,9441
110,Odelia,Petkovic,opetkovic31@desdev.cn,Female,Berlín,Recruiter,2093
111,Benedikt,Jessett,bjessett32@ihg.com,Male,Krajan,Assistant Professor,9975
112,Lem,Ciccottio,lciccottio33@theguardian.com,Male,Shiyuetian,Registered Nurse,3690
113,Berni,McQuarrie,bmcquarrie34@devhub.com,Female,Liangcunchang,Assistant Professor,1250
114,Carlie,Hornung,chornung35@cnet.com,Female,Jiujiang,Accountant I,1083
115,Ariadne,Huntingdon,ahuntingdon36@macromedia.com,Female,Boychinovtsi,Human Resources Assistant IV,7652
116,Maje,Mosley,mmosley37@accuweather.com,Male,San Nicolás,Statistician III,1059
117,Shae,Hallgarth,shallgarth38@ebay.co.uk,Male,Brusque,Human Resources Manager,2321
118,Georas,Girke,ggirke39@shop-pro.jp,Male,Duncan,Health Coach II,4990
119,Alana,Edowes,aedowes3a@symantec.com,Female,Carianos,Quality Control Specialist,8707
120,Eyde,Inett,einett3b@lulu.com,Agender,Mahaica Village,Sales Associate,7998
121,Noami,Phil,nphil3c@friendfeed.com,Female,Ganxi,Account Executive,4367
122,Frans,Mucklow,fmucklow3d@is.gd,Male,Sanyantang,Recruiter,7184
123,Demetris,Pyner,dpyner3e@archive.org,Male,Mkushi,Engineer IV,3359
124,Gard,Want,gwant3f@mapy.cz,Male,Honolulu,Pharmacist,9907
125,Alejandrina,Gwatkins,agwatkins3g@tmall.com,Female,Weishan,Research Assistant IV,1603
126,Killian,Shellibeer,kshellibeer3h@toplist.cz,Male,Kanturk,Developer IV,4115
127,Irina,Kauschke,ikauschke3i@123-reg.co.uk,Female,Vellinge,Staff Scientist,2285
128,Dion,Daly,ddaly3j@taobao.com,Female,Fubei,Executive Secretary,2722
129,Alice,Chaimson,achaimson3k@123-reg.co.uk,Non-binary,Camilo Aldao,Compensation Analyst,9097
130,Alleen,Bradforth,abradforth3l@yahoo.com,Female,Pedregal,Paralegal,4222
131,Marinna,Cuell,mcuell3m@nasa.gov,Agender,Xingtan,Statistician III,7186
132,Yorker,Halton,yhalton3n@freewebs.com,Male,Kumbo,Tax Accountant,2917
133,Si,Richarson,sricharson3o@cdc.gov,Bigender,Niyang,Technical Writer,9364
134,Hart,Ipplett,hipplett3p@cbsnews.com,Male,Juazeiro do Norte,Payment Adjustment Coordinator,7850
135,Winnie,Byre,wbyre3q@sitemeter.com,Female,Ban Bang Kadi Pathum Thani,Automation Specialist II,1250
136,Vladamir,Ackwood,vackwood3r@ibm.com,Male,Myshkin,Project Manager,8428
137,Goober,Watkiss,gwatkiss3s@dedecms.com,Male,Boston,Research Assistant II,3786
138,Staci,Seneschal,sseneschal3t@free.fr,Female,Zuru,Registered Nurse,6418
139,Florinda,Borrill,fborrill3u@imdb.com,Female,Troitsk,Safety Technician III,8874
140,Lorilee,Shane,lshane3v@51.la,Female,Caoping,Programmer IV,6394
141,Benjamin,Humbee,bhumbee3w@netscape.com,Male,Cikadu,Help Desk Technician,7898
142,Elisha,Swinburne,eswinburne3x@shinystat.com,Male,Wupu,Software Test Engineer I,7649
143,Halsey,Edmands,hedmands3y@drupal.org,Male,Huntington Beach,Programmer IV,4261
144,Sergent,Bertram,sbertram3z@elegantthemes.com,Male,Rybinsk,Senior Developer,4887
145,Myer,Titcumb,mtitcumb40@time.com,Male,Santa Ana,Administrative Officer,2369
146,Anabella,Corballis,acorballis41@pen.io,Female,Oltintopkan,Food Chemist,2209
147,Vinny,Leyband,vleyband42@ed.gov,Male,Peruc,Internal Auditor,1894
148,Abe,Balharrie,abalharrie43@ocn.ne.jp,Male,Yujiao,Business Systems Development Analyst,5661
149,Gaby,Halgarth,ghalgarth44@nationalgeographic.com,Male,Flushing,Marketing Assistant,3995
150,Padgett,Camidge,pcamidge45@chicagotribune.com,Male,München,VP Sales,7191
151,Grady,Poppy,gpoppy46@tumblr.com,Male,Caramuca,Information Systems Manager,8178
152,Hamish,Gouldsmith,hgouldsmith47@aol.com,Male,Kemlya,Automation Specialist IV,7583
153,Cly,Troth,ctroth48@cbsnews.com,Male,Tuluá,Analyst Programmer,9010
154,Janelle,Spiers,jspiers49@nhs.uk,Female,Stobreč,Payment Adjustment Coordinator,4690
155,Chancey,Orrett,corrett4a@boston.com,Male,Vyaz’ma,Biostatistician III,2917
156,Forrester,Vinden,fvinden4b@studiopress.com,Male,Arvidsjaur,Marketing Assistant,5018
157,Didi,Mateiko,dmateiko4c@alexa.com,Female,Velingrad,Nuclear Power Engineer,5125
158,Cobby,Rydings,crydings4d@godaddy.com,Male,Suka Makmue,Tax Accountant,5986
159,Zane,Guilliatt,zguilliatt4e@forbes.com,Agender,Palestina,Financial Analyst,8659
160,Ileane,Larway,ilarway4f@sciencedirect.com,Female,Marseille,Staff Scientist,8157
161,Ettore,O'Doherty,eodoherty4g@nhs.uk,Male,Yuanling,Administrative Assistant II,4843
162,Artemas,Devanney,adevanney4h@ibm.com,Male,Zhuge,Senior Quality Engineer,9026
163,Georgie,Mateuszczyk,gmateuszczyk4i@de.vu,Male,Sulechów,Cost Accountant,9150
164,Aksel,Bugler,abugler4j@dmoz.org,Male,Comallo,Developer III,6623
165,Merle,Jardin,mjardin4k@biblegateway.com,Male,Assis,Director of Sales,3468
166,Tish,Kingsnod,tkingsnod4l@cpanel.net,Female,Gereshk,Administrative Assistant IV,7913
167,Cristin,Mellor,cmellor4m@acquirethisname.com,Female,Owo,Administrative Officer,4977
168,Gunther,Pietrowicz,gpietrowicz4n@yelp.com,Male,Černilov,Mechanical Systems Engineer,2841
169,Brok,Garretts,bgarretts4o@ucla.edu,Male,Mardakyany,Account Coordinator,2775
170,Hermon,Toyne,htoyne4p@domainmarket.com,Male,Taounate,Legal Assistant,3178
171,Sayre,Tong,stong4q@economist.com,Male,Xiniqi,Software Engineer II,1332
172,Chalmers,Stove,cstove4r@ebay.com,Male,Şuwayr,Financial Analyst,2474
173,Zacharia,Hallagan,zhallagan4s@whitehouse.gov,Bigender,Aimorés,Systems Administrator I,6457
174,Saxon,Burcombe,sburcombe4t@deviantart.com,Male,Ariquemes,Human Resources Assistant II,4566
175,Jacqui,Piquard,jpiquard4u@europa.eu,Female,Yangzhong,Senior Developer,6959
176,Emelia,McCoughan,emccoughan4v@meetup.com,Female,Lixiqiao,Health Coach II,8822
177,Clerc,Ronisch,cronisch4w@amazon.com,Male,Laranjeiras do Sul,Pharmacist,1999
178,Osgood,Eyres,oeyres4x@seesaa.net,Male,Bago,Recruiter,3802
179,Harwell,Buttrey,hbuttrey4y@berkeley.edu,Male,Chabařovice,Sales Representative,1597
180,Cyndie,Juara,cjuara4z@bing.com,Female,Tenja,Paralegal,4385
181,Gabi,Andree,gandree50@pinterest.com,Bigender,Xianrendu,Structural Engineer,5743
182,Sigismond,Saura,ssaura51@pen.io,Male,Néa Róda,VP Marketing,7134
183,Anya,Yukhov,ayukhov52@ftc.gov,Female,Central,Administrative Assistant II,8041
184,Gail,Jako,gjako53@mail.ru,Female,Melaka,Developer I,7614
185,Steven,Fannin,sfannin54@lulu.com,Male,Ash Shaḩānīyah,VP Quality Control,5653
186,Lena,Pither,lpither55@hp.com,Female,Aveleda,Financial Advisor,1155
187,Blaire,Goundry,bgoundry56@pbs.org,Female,Air Bangis,Physical Therapy Assistant,1631
188,Tamarra,Saice,tsaice57@vk.com,Female,Rtishchevo,Computer Systems Analyst III,8170
189,Aylmer,Matousek,amatousek58@miibeian.gov.cn,Male,Amouguer,Structural Engineer,7651
190,Marlow,Siebert,msiebert59@fotki.com,Male,Münster,Software Engineer III,8800
191,Bartholemy,Paniman,bpaniman5a@xinhuanet.com,Bigender,Beixinjie,Information Systems Manager,2808
192,Eduardo,Sterzaker,esterzaker5b@cdbaby.com,Male,Xiping,Assistant Media Planner,2071
193,Eleen,McAlinion,emcalinion5c@cyberchimps.com,Female,Shiyuan,Recruiter,9292
194,Tessy,Weinmann,tweinmann5d@amazon.co.jp,Female,Pampa Hermosa,Budget/Accounting Analyst I,7033
195,Margalit,Doleman,mdoleman5e@epa.gov,Female,Ponte Nova,Software Consultant,7888
196,Britney,Kelsell,bkelsell5f@zimbio.com,Bigender,Batulawang,Senior Quality Engineer,2810
197,Mischa,Boyet,mboyet5g@ucsd.edu,Male,Pantenan,General Manager,7607
198,Carlos,Broadbury,cbroadbury5h@ameblo.jp,Male,Tangyu,Web Developer IV,3321
199,Hyacintha,Corns,hcorns5i@reuters.com,Female,Lhoknga,Nurse,4985
200,Forrest,McClymont,fmcclymont5j@slideshare.net,Male,Saba Yoi,VP Sales,7599
201,Vanni,Ferriman,vferriman5k@house.gov,Female,Segbwema,Software Consultant,1585
202,Esteban,Kiltie,ekiltie5l@dagondesign.com,Male,Takehara,Payment Adjustment Coordinator,9926
203,Lori,Bilborough,lbilborough5m@mtv.com,Non-binary,Ongjin,VP Product Management,3060
204,Tedi,Densey,tdensey5n@e-recht24.de,Female,Augusto Corrêa,Biostatistician IV,3238
205,Marie-jeanne,Kluge,mkluge5o@dell.com,Bigender,Vikhorevka,Software Engineer I,8034
206,Fredia,Nurse,fnurse5p@people.com.cn,Female,Lumby,Staff Accountant IV,6423
207,Thorstein,Merrikin,tmerrikin5q@twitter.com,Male,Oslo,Budget/Accounting Analyst IV,4081
208,Hermie,MacCumeskey,hmaccumeskey5r@de.vu,Male,Dadapan,Human Resources Assistant III,1798
209,Duffy,Figliovanni,dfigliovanni5s@cpanel.net,Male,Paris 13,Web Designer II,2107
210,Herman,McCurrie,hmccurrie5t@163.com,Male,Banhā,Geologist IV,8108
211,Jessa,Drysdall,jdrysdall5u@cyberchimps.com,Female,Gedangan,Systems Administrator II,7484
212,Jillian,Sandbatch,jsandbatch5v@blogspot.com,Female,Katumba,Sales Associate,2858
213,Cody,Sherel,csherel5w@domainmarket.com,Male,Kototujuh,Developer II,5276
214,Noam,Bennell,nbennell5x@ning.com,Male,Changning,Systems Administrator I,7624
215,Leontyne,Simcock,lsimcock5y@plala.or.jp,Female,Santiago de Chuco,Social Worker,5080
216,Sherwood,Kynett,skynett5z@dagondesign.com,Male,Tsiroanomandidy,Staff Accountant IV,1680
217,Birk,MacKim,bmackim60@reference.com,Male,Manutapen,Account Representative IV,7388
218,Aleda,Tuckerman,atuckerman61@ow.ly,Female,Tangfang,Human Resources Assistant I,7278
219,Jermain,Berthouloume,jberthouloume62@wikispaces.com,Polygender,Medeiros Neto,Accounting Assistant IV,7922
220,Zaria,Nequest,znequest63@joomla.org,Female,Marne-la-Vallée,Analyst Programmer,3885
221,Amble,Rubinsztein,arubinsztein64@deviantart.com,Male,Atlantis,Information Systems Manager,2943
222,Patti,Jenoure,pjenoure65@hud.gov,Polygender,Chư Sê,Compensation Analyst,2911
223,Corrina,Umney,cumney66@businessinsider.com,Female,Honglu,Structural Engineer,5944
224,Kimmy,Philippeaux,kphilippeaux67@abc.net.au,Female,San Agustín,Senior Sales Associate,7540
225,Terri,Woolfall,twoolfall68@rediff.com,Male,Zhangqing,Help Desk Technician,1380
226,Lilas,Sussams,lsussams69@pagesperso-orange.fr,Female,San Buenaventura,Database Administrator II,1968
227,Craggy,Strank,cstrank6a@google.fr,Male,Malasugui,Programmer I,2050
228,Star,Doughtery,sdoughtery6b@time.com,Female,Sila Lat,Social Worker,5873
229,Giffard,McInility,gmcinility6c@gnu.org,Male,Perechyn,Speech Pathologist,6654
230,Kaleena,Neilson,kneilson6d@dropbox.com,Female,Udomlya,Food Chemist,8388
231,Chrystel,Pollicott,cpollicott6e@yellowpages.com,Female,Chacabuco,Tax Accountant,2050
232,Reinhold,Dignan,rdignan6f@census.gov,Male,Tsiatsan,Marketing Manager,1319
233,Alick,Allenby,aallenby6g@shop-pro.jp,Male,Wuluquele,Research Nurse,5710
234,Gaston,Beacon,gbeacon6h@hp.com,Male,Indianapolis,Account Coordinator,8863
235,Marrissa,Redier,mredier6i@hao123.com,Female,Lamalewar,Health Coach IV,8115
236,Nessa,Barstow,nbarstow6j@usnews.com,Female,Cedar Rapids,Assistant Media Planner,5982
237,Ransell,Garmans,rgarmans6k@blinklist.com,Male,Puerto Boyacá,Health Coach III,7066
238,Hilary,Diano,hdiano6l@cnn.com,Female,Pyšely,Librarian,3081
239,Katrinka,Jakovijevic,kjakovijevic6m@livejournal.com,Female,Borehbangle,Research Nurse,8283
240,Buck,McSweeney,bmcsweeney6n@exblog.jp,Male,Providencia,Nurse Practicioner,2855
241,Aldous,Hewkin,ahewkin6o@nymag.com,Male,Yuanshanzi,Structural Engineer,3811
242,Sidoney,Beevis,sbeevis6p@theglobeandmail.com,Female,Talon,Media Manager II,4527
243,Celene,Tortis,ctortis6q@state.tx.us,Female,Jing’an,Account Representative III,2000
244,Viki,Gainsborough,vgainsborough6r@google.pl,Female,Kokkinóchoma,General Manager,5221
245,Lin,MacGray,lmacgray6s@seattletimes.com,Male,Hongtian,Administrative Officer,7753
246,Pearce,Oag,poag6t@mayoclinic.com,Male,Makbon,Desktop Support Technician,8245
247,Alexandr,Brunel,abrunel6u@cisco.com,Male,Margherita,Quality Control Specialist,1333
248,Debor,Belfitt,dbelfitt6v@cdc.gov,Female,Nidek,Pharmacist,4089
249,Bobby,Goulthorp,bgoulthorp6w@addthis.com,Male,Bečej,Senior Developer,8711
250,Valenka,Cowtherd,vcowtherd6x@vimeo.com,Female,Viana,Cost Accountant,1780
251,Tallia,Gyford,tgyford6y@scientificamerican.com,Female,Port Erin,Analyst Programmer,1763
252,Clary,Amberg,camberg6z@addthis.com,Genderqueer,Kulase,VP Product Management,5748
253,Rogers,Collcutt,rcollcutt70@home.pl,Male,Nanyuan,Help Desk Operator,6300
254,Palmer,Gewer,pgewer71@home.pl,Male,Enschede,Clinical Specialist,9776
255,Pauline,McKelvey,pmckelvey72@springer.com,Female,Atescatempa,Account Representative IV,6138
256,Udall,Spalding,uspalding73@globo.com,Male,Jadranovo,Analog Circuit Design manager,1748
257,Chrysa,Jamson,cjamson74@cam.ac.uk,Female,Tigaherang,Environmental Tech,3210
258,Estele,Birkhead,ebirkhead75@adobe.com,Female,Urukh,Recruiting Manager,3023
259,Tersina,Gawthorp,tgawthorp76@telegraph.co.uk,Female,Ciechanowiec,Marketing Manager,4956
260,Alene,Karsh,akarsh77@topsy.com,Genderqueer,Gongrong,Business Systems Development Analyst,5162
261,Pepi,Skotcher,pskotcher78@timesonline.co.uk,Female,Dolinsk,Accountant I,6739
262,Corilla,Timson,ctimson79@cmu.edu,Female,Rzewnie,Media Manager IV,2866
263,Byrom,Luff,bluff7a@techcrunch.com,Male,Gradishtë,Assistant Media Planner,6193
264,Dill,Turnbull,dturnbull7b@patch.com,Male,Kunčice pod Ondřejníkem,Payment Adjustment Coordinator,7499
265,Aurlie,Keme,akeme7c@phoca.cz,Female,Vođinci,Quality Engineer,8193
266,Samuel,Joint,sjoint7d@delicious.com,Male,Waitara,Media Manager III,3701
267,Dixie,Gumn,dgumn7e@indiegogo.com,Female,White City,Community Outreach Specialist,5505
268,Klarika,Batters,kbatters7f@microsoft.com,Female,Yessentukskaya,Mechanical Systems Engineer,4601
269,Alastair,Macrae,amacrae7g@paypal.com,Male,Filiatrá,Business Systems Development Analyst,5475
270,Ursula,Rickwood,urickwood7h@cdc.gov,Female,Nowa Sarzyna,Nurse Practicioner,3405
271,Ashli,Murrigans,amurrigans7i@theatlantic.com,Female,Mölndal,Staff Accountant II,5740
272,Betty,Haggarty,bhaggarty7j@themeforest.net,Female,Zeqin,VP Product Management,3849
273,Doy,Embery,dembery7k@shutterfly.com,Male,Zwolle,Senior Cost Accountant,2411
274,Leighton,Lark,llark7l@over-blog.com,Male,Skrwilno,Cost Accountant,7110
275,Sophia,Condliffe,scondliffe7m@meetup.com,Female,Zaslawye,Technical Writer,9342
276,Sheree,Quartly,squartly7n@apple.com,Genderqueer,Chãos,Nuclear Power Engineer,7327
277,Jackelyn,Dowbekin,jdowbekin7o@mysql.com,Female,Třešť,Geologist I,8012
278,Guthrie,Culverhouse,gculverhouse7p@patch.com,Male,Hetai,Senior Cost Accountant,6880
279,Hadleigh,Simonyi,hsimonyi7q@etsy.com,Male,Pregradnaya,Human Resources Assistant II,3743
280,Brnaby,Frangleton,bfrangleton7r@foxnews.com,Male,Ezhou,Quality Engineer,7663
281,Bertrand,Lakes,blakes7s@unicef.org,Male,Aganan,Systems Administrator III,1308
282,Finn,Kidwell,fkidwell7t@joomla.org,Male,Daliang,Physical Therapy Assistant,2123
283,Esmeralda,Guilloneau,eguilloneau7u@nymag.com,Female,Pelabuhan Dagang,Budget/Accounting Analyst III,8128
284,Trumaine,Slee,tslee7v@cafepress.com,Male,Trang,Data Coordinator,2868
285,Erinna,Bettesworth,ebettesworth7w@jugem.jp,Female,Hake,Office Assistant IV,7463
286,Patric,Forsard,pforsard7x@deviantart.com,Male,Hechun,Help Desk Technician,4549
287,Jobie,Robroe,jrobroe7y@reference.com,Female,Yao,Sales Associate,8123
288,Francoise,Toothill,ftoothill7z@posterous.com,Female,Waco,Developer III,3476
289,Davis,Forten,dforten80@simplemachines.org,Male,Amsterdam Noord west,Marketing Manager,8490
290,Christal,Giorgioni,cgiorgioni81@slashdot.org,Female,Rueil-Malmaison,Research Nurse,3399
291,Garret,Berthon,gberthon82@xinhuanet.com,Male,Chuantang,Media Manager I,5945
292,Carilyn,O'Hanlon,cohanlon83@upenn.edu,Female,Alicia,Compensation Analyst,7627
293,Maura,Pohlak,mpohlak84@tinypic.com,Female,Al Ghizlānīyah,GIS Technical Architect,3499
294,Augy,Veitch,aveitch85@businessweek.com,Male,Colomiers,VP Sales,1557
295,Lionel,Cosford,lcosford86@prlog.org,Male,Feicheng,Account Coordinator,2633
296,Elset,Casolla,ecasolla87@walmart.com,Genderfluid,Huangcun,Human Resources Assistant II,7318
297,Roma,Loxly,rloxly88@discovery.com,Male,Gurra e Vogël,Administrative Assistant II,5154
298,Murray,MacCourt,mmaccourt89@icq.com,Male,Cergy-Pontoise,VP Sales,1736
299,Artemus,Wickwar,awickwar8a@guardian.co.uk,Male,Dakhla,Administrative Assistant II,1138
300,Errol,Pendre,ependre8b@github.io,Male,Kalumpang,Community Outreach Specialist,9286
301,Orelie,Katte,okatte8c@ezinearticles.com,Female,Phlapphla Chai,Nuclear Power Engineer,8043
302,Mirna,Anthonies,manthonies8d@ebay.com,Female,Washington,Structural Engineer,5884
303,Judye,Penk,jpenk8e@nydailynews.com,Polygender,Sindangpanji,Database Administrator III,8108
304,Izaak,Lintin,ilintin8f@baidu.com,Male,Muzidian,Electrical Engineer,6060
305,Gwenore,Tasch,gtasch8g@woothemes.com,Female,Kombolcha,Sales Associate,4780
306,Carolyn,Bachura,cbachura8h@dot.gov,Female,Shuibian,Nurse Practicioner,2793
307,Tansy,Hourihane,thourihane8i@blinklist.com,Female,Envigado,Sales Associate,7756
308,Karoly,Hurdedge,khurdedge8j@barnesandnoble.com,Female,Coolock,Structural Analysis Engineer,2929
309,Cathrin,Sympson,csympson8k@samsung.com,Female,Linglu,Senior Financial Analyst,2723
310,Adelice,Caverhill,acaverhill8l@wiley.com,Female,Log pri Brezovici,Internal Auditor,3730
311,Cassandry,McCrory,cmccrory8m@netscape.com,Female,Bergen,Nurse,9603
312,Indira,Fucher,ifucher8n@indiatimes.com,Female,Osveya,Assistant Professor,4182
313,Rosanne,Aylen,raylen8o@mozilla.org,Female,Tonggu,Social Worker,4795
314,Clywd,Tuffs,ctuffs8p@livejournal.com,Male,Kuching,Design Engineer,7442
315,Carson,Lawson,clawson8q@cocolog-nifty.com,Male,Bosanski Novi,Pharmacist,6676
316,Dari,Rewbottom,drewbottom8r@house.gov,Female,Titiakar,Nurse,1859
317,Bronny,Cantor,bcantor8s@amazonaws.com,Male,Tuplice,Electrical Engineer,2144
318,Gerrilee,Whiten,gwhiten8t@studiopress.com,Female,Strasbourg,Actuary,1713
319,Carmelita,Boncoeur,cboncoeur8u@nyu.edu,Female,Dežanovac,Quality Control Specialist,4965
320,Sallee,Darnody,sdarnody8v@jimdo.com,Female,Shuyuan Zhen,Information Systems Manager,5575
321,Lars,Tregien,ltregien8w@shop-pro.jp,Male,Lamphun,Structural Analysis Engineer,4358
322,Netta,Seagrove,nseagrove8x@howstuffworks.com,Female,Tukuyu,Safety Technician I,8098
323,Ewen,Humphris,ehumphris8y@unicef.org,Male,Volokolamsk,Recruiting Manager,5988
324,Clevey,Kobpa,ckobpa8z@cbc.ca,Male,Sidon,Geologist III,6145
325,Mirabella,Kingwell,mkingwell90@angelfire.com,Female,Hongshan,Geologist III,2754
326,Deeyn,Wittman,dwittman91@livejournal.com,Female,Bełżec,Physical Therapy Assistant,8848
327,Astra,Rowson,arowson92@tripod.com,Female,Antabamba,Staff Scientist,9159
328,Yorgo,Denyukhin,ydenyukhin93@weebly.com,Male,Mingjing,Professor,4665
329,Becca,Rassmann,brassmann94@wikipedia.org,Female,Xitianwei,Product Engineer,1637
330,Morgun,Francois,mfrancois95@google.nl,Male,Nam Kliang,Programmer Analyst II,2054
331,Dniren,Canas,dcanas96@tmall.com,Female,Cipolletti,Senior Developer,3012
332,Karilynn,Vila,kvila97@opensource.org,Female,Neochóri,Staff Accountant II,9807
333,Randene,Tesseyman,rtesseyman98@abc.net.au,Female,Isanlu Itedoijowa,Environmental Tech,6980
334,Sylas,Skivington,sskivington99@chron.com,Male,Takedamachi,Administrative Officer,5314
335,Joe,Chaffer,jchaffer9a@sourceforge.net,Male,Zhuangtou,Graphic Designer,5131
336,Claudius,Pashley,cpashley9b@topsy.com,Male,Ziliang,Registered Nurse,9815
337,Tish,Stobbes,tstobbes9c@cornell.edu,Female,Rosebank,Nuclear Power Engineer,2275
338,Hewie,Myrkus,hmyrkus9d@bizjournals.com,Male,Cacocum,Social Worker,4193
339,Arie,Cliss,acliss9e@baidu.com,Male,São Lourenço da Mata,Senior Developer,1691
340,Ingeberg,Panther,ipanther9f@printfriendly.com,Female,Taganak,Recruiting Manager,7412
341,Hymie,Lingard,hlingard9g@alibaba.com,Male,Berlín,Administrative Assistant II,3927
342,Pedro,Hethron,phethron9h@jalbum.net,Male,Quchi,Account Executive,4541
343,Celine,Lawn,clawn9i@godaddy.com,Female,Jiuli,VP Quality Control,7257
344,Marcelo,Handes,mhandes9j@opera.com,Male,Coutances,Registered Nurse,2522
345,Ric,Ditter,rditter9k@example.com,Male,Santiago Vázquez,Payment Adjustment Coordinator,4793
346,Odelinda,Audley,oaudley9l@rediff.com,Female,Trzebiatów,Sales Associate,8036
347,Loni,Aysh,laysh9m@businessinsider.com,Female,Padasuka,Project Manager,1305
348,Paton,Pickover,ppickover9n@skyrock.com,Bigender,Kalamangog,Pharmacist,8901
349,Kris,Jump,kjump9o@tripadvisor.com,Male,Puqi,Software Test Engineer III,5676
350,Kyrstin,Vater,kvater9p@opera.com,Female,Skrunda,Accountant IV,3621
351,Perla,Hewlings,phewlings9q@cmu.edu,Female,Saint Aubin,Structural Analysis Engineer,4784
352,Kacy,Linwood,klinwood9r@wordpress.org,Female,Pandakan,Engineer IV,2116
353,Cynthie,Kerwen,ckerwen9s@github.io,Female,Sinazongwe,Tax Accountant,8059
354,Guillema,Cometto,gcometto9t@nih.gov,Female,Las Mercedes,Teacher,5185
355,Pace,Spata,pspata9u@bandcamp.com,Male,Heping,Speech Pathologist,1614
356,Minny,Bavage,mbavage9v@prlog.org,Female,Iznoski,Senior Sales Associate,3218
357,Loise,Heugel,lheugel9w@flickr.com,Female,Koungheul,Help Desk Technician,7601
358,Adora,Wabb,awabb9x@dailymotion.com,Female,Pietà,Staff Scientist,5635
359,Shir,Brosi,sbrosi9y@istockphoto.com,Female,Luotang,Database Administrator IV,5884
360,Vic,Bonder,vbonder9z@google.com,Male,Santa Clara,Occupational Therapist,2914
361,Rosalind,Alfonso,ralfonsoa0@cyberchimps.com,Female,Qingduizi,Professor,5539
362,Tracie,Phillcox,tphillcoxa1@over-blog.com,Female,Tacheng,Safety Technician IV,7728
363,Laurent,Larkby,llarkbya2@liveinternet.ru,Male,Puerto Alto,Project Manager,3678
364,Charley,Binnes,cbinnesa3@cpanel.net,Male,Lishan,Food Chemist,2612
365,Mallory,Effnert,meffnerta4@list-manage.com,Male,Akhtopol,VP Marketing,9223
366,Alvin,Mellem,amellema5@pagesperso-orange.fr,Male,Khánh Hải,Account Executive,1824
367,Arlina,Cervantes,acervantesa6@nymag.com,Female,Bitica,Dental Hygienist,4235
368,Claybourne,Del Checolo,cdelchecoloa7@sfgate.com,Male,Maying,Compensation Analyst,2719
369,Alexandrina,Delhanty,adelhantya8@uiuc.edu,Female,Regueiro,Human Resources Assistant I,3089
370,Lotta,Kerby,lkerbya9@rediff.com,Female,Danxi,Health Coach II,2987
371,Devy,Gavigan,dgaviganaa@blinklist.com,Genderqueer,Kankara,Nurse Practicioner,1125
372,Errick,Ackwood,eackwoodab@sciencedaily.com,Male,Xinxian,Engineer IV,1433
373,Raffarty,Sinnie,rsinnieac@1688.com,Male,Latung,Teacher,9405
374,Patty,Fairbridge,pfairbridgead@kickstarter.com,Female,Bailuquan,Social Worker,4750
375,Roseline,Yarranton,ryarrantonae@dagondesign.com,Female,Pereira,Recruiter,1486
376,Kitti,Benthall,kbenthallaf@dropbox.com,Female,Kutamandarakan,Technical Writer,6622
377,Elianore,Leavesley,eleavesleyag@amazonaws.com,Agender,Parada de Pinhão,Librarian,6419
378,Jewell,Kundert,jkundertah@foxnews.com,Genderqueer,Talpe,Assistant Manager,1723
379,Grier,Whittuck,gwhittuckai@harvard.edu,Female,Dutsin Ma,Sales Representative,8354
380,Carrie,Wapple,cwappleaj@godaddy.com,Female,Huotian,Account Executive,8377
381,Gorden,Favelle,gfavelleak@zdnet.com,Male,Hujiagou,Marketing Manager,9987
382,Calley,McQuorkell,cmcquorkellal@tinyurl.com,Female,New Orleans,Information Systems Manager,7234
383,Hyman,Stow,hstowam@fda.gov,Male,Catalão,Analog Circuit Design manager,4751
384,Wolfy,Sweetland,wsweetlandan@salon.com,Male,Guanzhuang,Desktop Support Technician,6903
385,Filippa,Kluger,fklugerao@ebay.co.uk,Female,Lárdos,VP Marketing,9325
386,Hallsy,Elmore,helmoreap@nih.gov,Male,Kaduengang,Staff Accountant II,4130
387,Wandis,Petracek,wpetracekaq@cdc.gov,Genderqueer,Stockholm,Registered Nurse,8349
388,Doug,Collins,dcollinsar@businessweek.com,Male,Pangkalan Kasai,Account Coordinator,9091
389,Donall,Tace,dtaceas@vinaora.com,Male,Maqian,Research Nurse,7639
390,Cammi,Grube,cgrubeat@cyberchimps.com,Female,Albrechtice,Assistant Manager,6305
391,Mortie,Cashford,mcashfordau@house.gov,Male,Zhanbei,Engineer I,5746
392,Ware,Darth,wdarthav@smugmug.com,Male,Dupnitsa,Geologist I,7287
393,Marieann,Cooke,mcookeaw@phoca.cz,Female,San Jose,Senior Developer,3281
394,Cord,MacLure,cmaclureax@theatlantic.com,Genderfluid,Dagup,Senior Sales Associate,7163
395,Dorita,Sisson,dsissonay@reddit.com,Female,Kadubincarung,Chief Design Engineer,2962
396,Noach,Bedson,nbedsonaz@weather.com,Male,Nässjö,Occupational Therapist,3033
397,Charita,Castle,ccastleb0@washingtonpost.com,Female,Shanglaxiu,Occupational Therapist,5743
398,Hughie,Guilfoyle,hguilfoyleb1@gravatar.com,Male,Ural,Food Chemist,3830
399,Marcella,Edelheid,medelheidb2@trellian.com,Female,Ratíškovice,Health Coach III,3666
400,Giorgio,Labusch,glabuschb3@wix.com,Male,Sanjiazi,Actuary,8221
401,Bret,Leadbeater,bleadbeaterb4@bbc.co.uk,Male,Tumba,Senior Cost Accountant,8139
402,Kip,Pinchback,kpinchbackb5@hhs.gov,Female,Belize City,Associate Professor,1934
403,Derrek,Guymer,dguymerb6@tumblr.com,Male,Gangdong,Graphic Designer,7443
404,Ritchie,Grint,rgrintb7@forbes.com,Male,Taiyang,Chief Design Engineer,1255
405,Elnar,Pasek,epasekb8@is.gd,Male,Cầu Giấy,Structural Analysis Engineer,2594
406,Muriel,Liddy,mliddyb9@ezinearticles.com,Female,Machinda,Clinical Specialist,2069
407,Willdon,Ryde,wrydeba@naver.com,Male,Stockholm,Chemical Engineer,8790
408,Baillie,Andreia,bandreiabb@com.com,Male,Alejal,Research Assistant I,4732
409,Ingeborg,Really,ireallybc@networksolutions.com,Female,Åby,Librarian,9814
410,Kaila,Crickmer,kcrickmerbd@joomla.org,Female,Linjiang,Media Manager IV,1640
411,Abelard,Small,asmallbe@unicef.org,Male,Mýto,Web Developer II,3164
412,Andra,Mynott,amynottbf@alibaba.com,Female,Paraiso,Marketing Assistant,2445
413,Erinna,Collet,ecolletbg@edublogs.org,Polygender,Awilega,Senior Developer,2085
414,Derry,Moiser,dmoiserbh@yellowpages.com,Male,Sidonganti,Computer Systems Analyst II,5620
415,Irving,Sibthorp,isibthorpbi@blogs.com,Male,Laprida,Software Consultant,3322
416,Barret,Keemer,bkeemerbj@addtoany.com,Male,Tocha,Help Desk Operator,1016
417,Gonzales,Barneveld,gbarneveldbk@multiply.com,Male,Lakhdenpokh’ya,Safety Technician II,5117
418,Alane,Atthow,aatthowbl@wikimedia.org,Female,Tríkala,Actuary,6663
419,Odele,Shawl,oshawlbm@salon.com,Female,Janas,Information Systems Manager,4051
420,Danit,Manzell,dmanzellbn@smugmug.com,Female,Kurikka,Chief Design Engineer,2525
421,Ginger,Slewcock,gslewcockbo@networkadvertising.org,Female,Boise,Dental Hygienist,1383
422,Nertie,Yemm,nyemmbp@techcrunch.com,Female,Bykivka,Cost Accountant,2838
423,Ramonda,Alwin,ralwinbq@rambler.ru,Female,Concordia,Civil Engineer,1688
424,Reginauld,Chung,rchungbr@yolasite.com,Male,Gonghe,Health Coach I,4265
425,Janaya,Wallman,jwallmanbs@tripod.com,Non-binary,Bichena,Compensation Analyst,6954
426,Tobias,Laying,tlayingbt@columbia.edu,Male,Mekon,Senior Sales Associate,3065
427,Ewell,Heinrich,eheinrichbu@smh.com.au,Genderqueer,Velké Němčice,Senior Financial Analyst,4903
428,Herbie,Archbald,harchbaldbv@businessinsider.com,Male,Alto Río Senguer,Account Representative IV,7339
429,Dwayne,Donan,ddonanbw@lulu.com,Male,Mirzāpur,Administrative Officer,8284
430,Harlin,Shawcroft,hshawcroftbx@epa.gov,Genderqueer,Las Americas,Pharmacist,8949
431,Benetta,Du Pre,bdupreby@godaddy.com,Female,Nova Era,Desktop Support Technician,6206
432,Prentiss,Furley,pfurleybz@about.me,Male,Derbent,VP Sales,2041
433,Darcy,Andryushchenko,dandryushchenkoc0@answers.com,Male,Milano,VP Quality Control,9429
434,Ginny,Kemsley,gkemsleyc1@google.ru,Female,Hobart,VP Quality Control,8404
435,Cord,Magrannell,cmagrannellc2@sbwire.com,Male,Yishi,Structural Analysis Engineer,2141
436,Moises,Glossup,mglossupc3@businessweek.com,Male,Gumawang,Tax Accountant,4897
437,Tess,Moresby,tmoresbyc4@example.com,Bigender,Żabieniec,Sales Representative,1820
438,Thornton,Gillman,tgillmanc5@networksolutions.com,Male,Yŏng-dong,VP Sales,2123
439,Morrie,Arkill,markillc6@photobucket.com,Male,Mitrofanovka,Safety Technician IV,2226
440,Franklin,Kneale,fknealec7@reuters.com,Male,Santa Maria,Speech Pathologist,5439
441,Elysha,Brownsea,ebrownseac8@de.vu,Female,La Paz,Legal Assistant,4700
442,Dore,Dionisio,ddionisioc9@youtube.com,Female,Sanguanzhai,Occupational Therapist,4205
443,Tabby,Bavester,tbavesterca@europa.eu,Male,Livadiya,Nurse Practicioner,4975
444,Philbert,MacCaghan,pmaccaghancb@biblegateway.com,Male,Dallas,Environmental Tech,6492
445,Leese,Withnall,lwithnallcc@economist.com,Female,Tafeng,Account Representative IV,6158
446,Karil,Farfoot,kfarfootcd@arizona.edu,Polygender,Palaióchora,Payment Adjustment Coordinator,3854
447,Reagen,Cattellion,rcattellionce@github.com,Male,Banjar Banyuning Barat,Physical Therapy Assistant,9761
448,Tobin,Dolby,tdolbycf@bloomberg.com,Male,Huainan,Mechanical Systems Engineer,1438
449,Harold,Jiggen,hjiggencg@macromedia.com,Male,Yelan’,Computer Systems Analyst III,9850
450,Kasey,Wannan,kwannanch@timesonline.co.uk,Bigender,Dongtuan,VP Sales,8843
451,Colleen,Russon,crussonci@clickbank.net,Female,Nahrīn,Teacher,8953
452,Vite,Syms,vsymscj@networksolutions.com,Male,Tambovka,Software Test Engineer IV,9152
453,Thor,Benazet,tbenazetck@sfgate.com,Genderfluid,Tisco,Health Coach II,9325
454,Mychal,Goody,mgoodycl@wordpress.org,Male,Rothesay Bay,General Manager,1791
455,Byram,Tillett,btillettcm@clickbank.net,Male,Huangban,Recruiting Manager,8781
456,Flint,Leyton,fleytoncn@seattletimes.com,Male,Vorontsovka,Accountant III,3940
457,Bradly,Ors,borsco@guardian.co.uk,Male,Diang,Product Engineer,2209
458,Leola,O'Keenan,lokeenancp@rambler.ru,Female,Cherbourg-Octeville,Staff Scientist,3128
459,Trina,Marnes,tmarnescq@pinterest.com,Female,San Cristóbal,Chief Design Engineer,5642
460,Marty,Mawtus,mmawtuscr@sciencedaily.com,Male,Tata,Automation Specialist III,9825
461,Karna,Cavey,kcaveycs@biblegateway.com,Female,Patemon,Business Systems Development Analyst,3665
462,Karina,Peniello,kpenielloct@nationalgeographic.com,Female,Al Hāshimīyah,Tax Accountant,2952
463,Alberik,Rohmer,arohmercu@dot.gov,Male,La Unión,Geologist III,5286
464,Francyne,Murrthum,fmurrthumcv@ft.com,Female,Ganzi,Nuclear Power Engineer,9284
465,Vin,Bullier,vbulliercw@noaa.gov,Female,Komsomol’sk,Teacher,3838
466,Gleda,Dawidsohn,gdawidsohncx@cdbaby.com,Female,Puning,Physical Therapy Assistant,5410
467,Tuckie,Moulden,tmouldency@yahoo.com,Male,Raczki,Director of Sales,2714
468,Kile,Lumley,klumleycz@freewebs.com,Male,Esmeraldas,Marketing Assistant,4170
469,Jareb,Petersen,jpetersend0@examiner.com,Male,Nakajah,Clinical Specialist,1063
470,Christy,McLaughlan,cmclaughland1@eventbrite.com,Female,Araçuaí,Social Worker,7668
471,Osbourne,Kubacek,okubacekd2@google.com.hk,Male,Al Maşdūr,Quality Control Specialist,4629
472,Brice,Dumper,bdumperd3@yahoo.com,Male,Moguqi,Budget/Accounting Analyst III,8353
473,Yoko,Kesterton,ykestertond4@biglobe.ne.jp,Female,Issy-les-Moulineaux,VP Sales,8590
474,Gideon,Crookes,gcrookesd5@amazon.co.jp,Male,Kassiri,Administrative Officer,3763
475,Price,Bowler,pbowlerd6@senate.gov,Male,Burgersfort,Office Assistant IV,1764
476,Hansiain,O'Carran,hocarrand7@bloglines.com,Male,Gon’ba,Physical Therapy Assistant,8687
477,Christoforo,Blackie,cblackied8@myspace.com,Male,Bamako,Software Test Engineer II,9836
478,Eyde,Gehricke,egehricked9@economist.com,Female,Wairiang,Graphic Designer,8874
479,Sascha,Luebbert,sluebbertda@domainmarket.com,Female,Criciúma,Research Nurse,7058
480,Christiano,Bibbie,cbibbiedb@chicagotribune.com,Male,Göteborg,Computer Systems Analyst I,9833
481,Hugues,Nowaczyk,hnowaczykdc@irs.gov,Male,Piława Górna,Executive Secretary,1531
482,Tate,O'Lagen,tolagendd@businesswire.com,Female,Mariana,Environmental Specialist,9804
483,Devland,Backsal,dbacksalde@berkeley.edu,Male,Klumpit,Dental Hygienist,2551
484,Crista,Shopcott,cshopcottdf@ucsd.edu,Female,Kokemäki,Dental Hygienist,7331
485,Hebert,Pointing,hpointingdg@dagondesign.com,Male,Nong Hin,Research Associate,3034
486,Kirk,Durn,kdurndh@freewebs.com,Male,Weifang,Web Developer II,6120
487,Rosaline,Chedgey,rchedgeydi@cam.ac.uk,Female,Machado,Marketing Assistant,4917
488,Sibley,Linay,slinaydj@google.co.jp,Female,Priekule,Marketing Assistant,3062
489,Hugibert,Millar,hmillardk@moonfruit.com,Male,Shijing,Safety Technician III,2923
490,Merrill,Raimbauld,mraimbaulddl@dagondesign.com,Male,Nglengkong,Operator,3846
491,Carly,Dabels,cdabelsdm@ehow.com,Female,Cochabamba,Editor,2602
492,Kerr,Nutter,knutterdn@ted.com,Male,Salitrillos,Database Administrator II,7991
493,Mildred,Cheyne,mcheynedo@zimbio.com,Female,Matsumoto,Occupational Therapist,9794
494,Friederike,Liggins,fligginsdp@newsvine.com,Female,Conqueiros,Environmental Tech,6922
495,Wittie,Primett,wprimettdq@vinaora.com,Genderqueer,Cabrela,Automation Specialist III,4793
496,Harmony,Halston,hhalstondr@vistaprint.com,Female,Seremban,Media Manager II,1293
497,Antone,Lavies,alaviesds@dyndns.org,Male,Santo António da Charneca,Human Resources Assistant I,8399
498,Dorthea,Iston,distondt@cisco.com,Female,Lansing,Legal Assistant,2702
499,Maxi,Ranstead,mransteaddu@ovh.net,Female,Qiying,Marketing Assistant,6620
500,Annabell,Monier,amonierdv@nyu.edu,Female,Yandun,Professor,5068
501,Sybila,Blakemore,sblakemoredw@instagram.com,Bigender,Vidual,Office Assistant I,4270
502,Christian,Litel,cliteldx@moonfruit.com,Male,Srbica,Financial Analyst,6323
503,Corliss,Hallen,challendy@phpbb.com,Female,Bol’shoy Karay,Actuary,9141
504,Alexis,Itshak,aitshakdz@zdnet.com,Male,Konza,Associate Professor,5241
505,Raf,Espasa,respasae0@scribd.com,Female,Conel,Administrative Officer,2003
506,Bartlet,Persich,bpersiche1@google.cn,Genderqueer,Badean,Occupational Therapist,1857
507,Lida,Kilfeder,lkilfedere2@cbslocal.com,Female,Tugulym,Marketing Manager,5766
508,Burty,Bickford,bbickforde3@alexa.com,Male,Frankfurt am Main,Paralegal,3381
509,Griff,Minghi,gminghie4@noaa.gov,Male,Apeldoorn,Internal Auditor,3540
510,Jeramie,Mattschas,jmattschase5@apache.org,Non-binary,Cauto Cristo,Software Consultant,7598
511,Gustaf,Eakins,geakinse6@jugem.jp,Male,Okiot,Registered Nurse,7842
512,Ed,Enrdigo,eenrdigoe7@uiuc.edu,Male,Luisiana,Health Coach III,3749
513,Ellary,Trayton,etraytone8@hugedomains.com,Male,Ourtzagh,Statistician III,4334
514,Gabrielle,Goodacre,ggoodacree9@constantcontact.com,Female,Beishan,Physical Therapy Assistant,6598
515,Madelin,Mohring,mmohringea@youtube.com,Female,Tam Kỳ,Desktop Support Technician,9960
516,Kara,Iianon,kiianoneb@paginegialle.it,Female,Mikrókampos,Senior Sales Associate,8814
517,Lyell,Potell,lpotellec@domainmarket.com,Male,Lālmohan,VP Accounting,5133
518,Drud,Hallahan,dhallahaned@feedburner.com,Male,Salavan,Budget/Accounting Analyst I,2219
519,Leonidas,Byrth,lbyrthee@go.com,Male,Chattanooga,Nurse Practicioner,4233
520,Dallis,Lindemann,dlindemannef@aboutads.info,Male,Zhixia,Statistician IV,9779
521,Hunfredo,McCreedy,hmccreedyeg@github.com,Male,Omsukchan,Junior Executive,3652
522,Adrienne,Slimmon,aslimmoneh@google.ru,Female,Burgersfort,Junior Executive,4376
523,Grace,Peyro,gpeyroei@printfriendly.com,Male,Sapeken,Statistician II,2268
524,Benson,Maxfield,bmaxfieldej@ibm.com,Male,Suwalan,VP Marketing,7124
525,Flemming,Custy,fcustyek@google.de,Male,Xufeng,GIS Technical Architect,8886
526,Pepi,Jerome,pjeromeel@ucoz.ru,Female,Asarum,Registered Nurse,7575
527,Issi,Balk,ibalkem@deviantart.com,Female,Raci Kulon,Analog Circuit Design manager,1557
528,Cindee,Bader,cbaderen@bloomberg.com,Bigender,Valsamáta,Senior Financial Analyst,1081
529,Hilarius,Winkle,hwinkleeo@163.com,Male,Los Lotes,VP Accounting,5608
530,Samantha,Easby,seasbyep@yolasite.com,Female,Heřmanova Huť,Administrative Officer,6787
531,Lesley,Tabourin,ltabourineq@techcrunch.com,Female,Espérance Trébuchet,Chief Design Engineer,7697
532,Florella,Molyneaux,fmolyneauxer@cbslocal.com,Female,El Alto,Business Systems Development Analyst,2135
533,Breanne,Yakushkev,byakushkeves@cnn.com,Female,Arnaía,Tax Accountant,4072
534,Padraig,Vesco,pvescoet@nationalgeographic.com,Male,Dalumangcob,Payment Adjustment Coordinator,7011
535,Filberto,Pepler,fpeplereu@discuz.net,Male,Meybod,Health Coach II,4502
536,Anna-diane,Beall,abeallev@adobe.com,Female,Al Qaţn,Budget/Accounting Analyst IV,5819
537,Quillan,Eliassen,qeliassenew@dyndns.org,Male,Karlshamn,VP Quality Control,9846
538,Flint,Eagleton,feagletonex@yahoo.co.jp,Bigender,Toyooka,Civil Engineer,7928
539,Ransom,Pendlenton,rpendlentoney@jigsy.com,Male,Oelaba,Senior Editor,8414
540,Harlene,Linkin,hlinkinez@bizjournals.com,Female,Metsamor,Desktop Support Technician,6302
541,Bernetta,Frederick,bfrederickf0@ibm.com,Female,La Foa,Graphic Designer,7778
542,Denys,Davidowsky,ddavidowskyf1@senate.gov,Male,Celica,Professor,1481
543,Fionnula,Maynell,fmaynellf2@google.pl,Female,Hanjianglu,General Manager,8660
544,Manon,Angeau,mangeauf3@google.de,Female,Lagunillas,Cost Accountant,2486
545,Bernardine,Bullen,bbullenf4@zimbio.com,Female,Sātkania,Internal Auditor,8244
546,Lotte,Guidoni,lguidonif5@facebook.com,Female,Kongolo,Human Resources Assistant III,4761
547,Lyle,Thorpe,lthorpef6@booking.com,Male,Tiassalé,Senior Cost Accountant,8785
548,Boycey,Manwell,bmanwellf7@joomla.org,Male,Plateliai,Web Developer IV,1799
549,Andres,Hustler,ahustlerf8@about.com,Male,Cauto Cristo,Legal Assistant,5644
550,Kriste,Rowney,krowneyf9@uol.com.br,Female,Zbýšov,Quality Control Specialist,3774
551,Myron,Thirlaway,mthirlawayfa@ifeng.com,Male,Bang Bo,VP Quality Control,8254
552,Annelise,Crick,acrickfb@pbs.org,Female,Krian,Marketing Manager,9741
553,Ingelbert,Ciementini,iciementinifc@mit.edu,Male,Ożarowice,Assistant Professor,7923
554,Jeramie,Walesa,jwalesafd@youtube.com,Male,Businga,Sales Representative,7198
555,Leland,Alves,lalvesfe@alexa.com,Female,Xuanma,Environmental Tech,6546
556,Derick,Jeffreys,djeffreysff@123-reg.co.uk,Male,Jargalant,Human Resources Manager,1900
557,Ame,Breslauer,abreslauerfg@mashable.com,Female,Torino,Recruiter,9289
558,Sydelle,Sharpe,ssharpefh@hexun.com,Female,Orleans,Community Outreach Specialist,2844
559,Wake,MacNamee,wmacnameefi@yahoo.com,Male,Longtang,Speech Pathologist,7819
560,Chevalier,Broseke,cbrosekefj@google.de,Male,Yallahs,Programmer Analyst IV,7321
561,Kiersten,Holworth,kholworthfk@loc.gov,Female,Głogówek,Graphic Designer,3221
562,Bailie,Evequot,bevequotfl@alibaba.com,Male,Haputale,Media Manager I,8024
563,Giacopo,Glencross,gglencrossfm@goo.ne.jp,Male,Bayawan,Research Nurse,9210
564,Lona,Duley,lduleyfn@wp.com,Female,Shiqiao,Media Manager III,1264
565,Niki,Domel,ndomelfo@oaic.gov.au,Female,Mizur,Cost Accountant,7138
566,Kayley,Malbon,kmalbonfp@zdnet.com,Female,Alcanena,Software Test Engineer I,4616
567,Daryle,Dalyell,ddalyellfq@cpanel.net,Male,Pont-Audemer,Account Coordinator,7633
568,Merlina,Kilfoyle,mkilfoylefr@jimdo.com,Female,Mae Wang,Web Designer IV,7586
569,Orlando,Dowsett,odowsettfs@dyndns.org,Male,Caen,Chief Design Engineer,6581
570,Jacob,Turneux,jturneuxft@house.gov,Male,Qianshan,Teacher,2138
571,Kennie,Freeland,kfreelandfu@chicagotribune.com,Male,Uddevalla,Database Administrator I,5231
572,Winni,MacLoughlin,wmacloughlinfv@msu.edu,Female,Na Yong,Physical Therapy Assistant,3047
573,Pall,Mardlin,pmardlinfw@dion.ne.jp,Agender,Mamer,Database Administrator I,4704
574,Bridie,Webland,bweblandfx@taobao.com,Female,Groznyy,Web Designer III,5477
575,Esta,Pentelow,epentelowfy@surveymonkey.com,Female,Boyarka,Recruiting Manager,1046
576,Donnell,Laden,dladenfz@nifty.com,Male,Centralniy,Design Engineer,2795
577,Lyndsie,Bonney,lbonneyg0@xinhuanet.com,Female,Emalgolin Mongolzuxiang,Technical Writer,8066
578,Mayor,Marrow,mmarrowg1@wufoo.com,Polygender,Fort Wayne,Cost Accountant,1179
579,Alvy,Caudle,acaudleg2@businesswire.com,Male,Wu’erqihan,Pharmacist,6337
580,Frederigo,Blachford,fblachfordg3@typepad.com,Male,Botevgrad,Actuary,2771
581,Clarence,Casetti,ccasettig4@rambler.ru,Male,Urukh,Research Nurse,8350
582,Fernande,Heditch,fheditchg5@youtube.com,Genderqueer,Lubuagan,Project Manager,3683
583,Mari,Cavalier,mcavalierg6@symantec.com,Non-binary,Shuiquan,Quality Control Specialist,8804
584,Alexi,Varren,avarreng7@abc.net.au,Female,Abobo,Director of Sales,9901
585,Nedi,Menis,nmenisg8@prlog.org,Female,Hisings Kärra,Chief Design Engineer,2410
586,Gaultiero,Rathbone,grathboneg9@businessinsider.com,Male,Ozëry,Cost Accountant,4826
587,Meir,Rosengart,mrosengartga@vkontakte.ru,Male,Stockholm,Sales Associate,8885
588,Devora,Powe,dpowegb@wp.com,Female,La Guadalupe,Physical Therapy Assistant,8252
589,Adriaens,Naismith,anaismithgc@huffingtonpost.com,Female,Székesfehérvár,Programmer IV,5235
590,Gennifer,Passman,gpassmangd@google.com.hk,Female,Casa Nova,Recruiter,9774
591,Rutherford,Slegg,rsleggge@hexun.com,Male,Vologda,Structural Engineer,6616
592,Uta,Pennicard,upennicardgf@vkontakte.ru,Female,Muliang,Chief Design Engineer,6679
593,Marie-ann,Geffinger,mgeffingergg@washingtonpost.com,Female,Pshekhskaya,Administrative Assistant III,9715
594,Prisca,Bratley,pbratleygh@miitbeian.gov.cn,Female,Mętków,Senior Sales Associate,2828
595,Perry,Churcher,pchurchergi@springer.com,Male,Canghou,VP Accounting,7723
596,Aubrey,Forsard,aforsardgj@bigcartel.com,Female,Karawatu,Actuary,5149
597,Alvira,Sommerlie,asommerliegk@spiegel.de,Female,Digne-les-Bains,Nurse,5356
598,Blaine,Large,blargegl@state.gov,Male,Trbovlje,Budget/Accounting Analyst III,6558
599,Stanislaus,Winkless,swinklessgm@paypal.com,Male,Dois Córregos,Software Consultant,2862
600,Piper,Treece,ptreecegn@about.me,Female,Tha Bo,Desktop Support Technician,9948
601,Frazer,Rivalland,frivallandgo@ezinearticles.com,Polygender,Dinan,GIS Technical Architect,2896
602,Hugibert,Snewin,hsnewingp@ibm.com,Male,Villa Francisca,Internal Auditor,7049
603,Myrtia,Dewen,mdewengq@sun.com,Female,Sucre,Nuclear Power Engineer,1965
604,Ora,Phettiplace,ophettiplacegr@canalblog.com,Female,Casa Nova,Budget/Accounting Analyst IV,2071
605,Fraze,Snoddy,fsnoddygs@sourceforge.net,Male,Łęczyce,Director of Sales,7066
606,Dennis,Gatehouse,dgatehousegt@nyu.edu,Male,Araulí,Recruiting Manager,7407
607,Elihu,Adel,eadelgu@mysql.com,Male,Arlington,Computer Systems Analyst IV,2348
608,Kerr,Shrimpling,kshrimplinggv@furl.net,Male,Wuduhe,Compensation Analyst,4797
609,Trixy,L'Amie,tlamiegw@fc2.com,Female,Zhong’an,VP Sales,9037
610,Cherey,Mosey,cmoseygx@sun.com,Female,Prozor,Safety Technician III,9206
611,Patton,Cullagh,pcullaghgy@godaddy.com,Male,Jorochito,Recruiter,3992
612,Ivory,McVie,imcviegz@instagram.com,Female,Krasne,Help Desk Technician,1827
613,Stern,Milier,smilierh0@europa.eu,Male,Chenjiatan,Account Representative II,4925
614,Alikee,Inderwick,ainderwickh1@xinhuanet.com,Female,Famões,Nurse Practicioner,4745
615,Milty,Dizlie,mdizlieh2@wufoo.com,Male,Blois,Geological Engineer,2334
616,Tarah,Jefferies,tjefferiesh3@symantec.com,Female,Tuchkovo,Statistician I,4947
617,Swen,Weld,sweldh4@bravesites.com,Male,Priyutovo,Recruiting Manager,2497
618,Arie,Offell,aoffellh5@imgur.com,Agender,Cinagrog Girang,Design Engineer,3067
619,Barbabas,Dorey,bdoreyh6@mediafire.com,Male,Sokol’niki,Financial Analyst,4826
620,Humfried,O'Hara,hoharah7@fc2.com,Agender,Port-Gentil,Sales Associate,9093
621,Morie,Moylane,mmoylaneh8@comcast.net,Male,Concórdia,Mechanical Systems Engineer,5436
622,Rebe,Pudsall,rpudsallh9@plala.or.jp,Non-binary,Darungan,Tax Accountant,8116
623,Elvina,Bluett,ebluettha@hc360.com,Female,Liyang,Associate Professor,9629
624,Nariko,Morgon,nmorgonhb@geocities.com,Female,Bodeh,Engineer I,2972
625,Sophie,Smewin,ssmewinhc@wix.com,Female,Don Tan,Legal Assistant,1001
626,Ilyssa,Jeaves,ijeaveshd@adobe.com,Female,Sáchica,Environmental Tech,8207
627,Lorna,Somersett,lsomersetthe@oakley.com,Female,Shanlian,Internal Auditor,8668
628,Rainer,Redihough,rredihoughhf@myspace.com,Male,Xiakou,Structural Analysis Engineer,9149
629,Cedric,Squires,csquireshg@va.gov,Male,Huddinge,Help Desk Operator,1400
630,Danyelle,Jollye,djollyehh@soup.io,Female,Nueva Loja,Safety Technician III,3454
631,Raimund,Gramer,rgramerhi@clickbank.net,Male,Werasari,Administrative Assistant II,8474
632,Richart,Doding,rdodinghj@prnewswire.com,Male,Modosinal,Human Resources Manager,4768
633,Carmelle,O'Finan,cofinanhk@msu.edu,Female,Koina,Physical Therapy Assistant,2689
634,Richmound,Yve,ryvehl@whitehouse.gov,Male,Huangzhuang,Systems Administrator III,4990
635,Claudetta,Unworth,cunworthhm@linkedin.com,Female,Wuxia,VP Sales,3295
636,Sheeree,Plane,splanehn@uiuc.edu,Female,Yinjiaxi,Compensation Analyst,8258
637,Hartwell,Winnett,hwinnettho@wired.com,Male,Sovetskoye,Financial Analyst,9003
638,Burch,Donnellan,bdonnellanhp@t.co,Male,Cipadung,Sales Representative,3070
639,Berkie,MacWilliam,bmacwilliamhq@delicious.com,Male,Malāyer,Human Resources Assistant IV,1901
640,Arney,McLanachan,amclanachanhr@house.gov,Male,Zbýšov,Database Administrator II,2197
641,Kurtis,Pietzner,kpietznerhs@furl.net,Male,Leskolovo,Assistant Manager,3785
642,Quinta,Weekes,qweekesht@oakley.com,Female,Acao,Staff Accountant IV,5196
643,Tobit,Worstall,tworstallhu@tmall.com,Male,Antony,Recruiter,3006
644,Nollie,Grigorescu,ngrigorescuhv@ed.gov,Male,Randusari,Assistant Professor,1471
645,Merle,Hurll,mhurllhw@si.edu,Male,Paucarcolla,Project Manager,3134
646,Lainey,Pragnall,lpragnallhx@merriam-webster.com,Female,Panxi,Project Manager,7938
647,Xerxes,Thornley,xthornleyhy@ucoz.ru,Male,Roissy Charles-de-Gaulle,Recruiting Manager,2108
648,Kelcie,Offer,kofferhz@techcrunch.com,Female,Rājo Khanāni,Programmer III,2782
649,Roland,Gatlin,rgatlini0@mail.ru,Male,Touguinha,Speech Pathologist,3878
650,Gallagher,Asaaf,gasaafi1@uiuc.edu,Male,Mvomero,Senior Sales Associate,8029
651,Leonid,Yurivtsev,lyurivtsevi2@dedecms.com,Male,Depapre,Assistant Professor,3538
652,Donna,Shoebottom,dshoebottomi3@youtu.be,Female,Crespo,Director of Sales,8912
653,Guenevere,Parnby,gparnbyi4@wufoo.com,Female,Masoyila,Speech Pathologist,9318
654,Donn,Matousek,dmatouseki5@prnewswire.com,Male,Druzhba,Health Coach I,3560
655,Bar,Dericut,bdericuti6@thetimes.co.uk,Male,Tehetu,Financial Analyst,2069
656,Sibby,Sexten,ssexteni7@newsvine.com,Genderfluid,Majagual,Chemical Engineer,1886
657,Alexandro,Pettinger,apettingeri8@ca.gov,Male,Aco,GIS Technical Architect,7436
658,Nahum,Jewitt,njewitti9@mysql.com,Male,Austin,Developer III,3259
659,Michal,Lockery,mlockeryia@lulu.com,Male,Nürnberg,Database Administrator II,1326
660,Huntington,Fleury,hfleuryib@eventbrite.com,Male,Catia La Mar,Research Associate,3454
661,Issiah,Salman,isalmanic@webs.com,Male,Moscow,Account Coordinator,4339
662,Shane,Wrates,swratesid@ucla.edu,Female,Zhangcun,Structural Analysis Engineer,2945
663,Norrie,Roeby,nroebyie@cornell.edu,Male,Non Suwan,Health Coach I,7872
664,Kele,Bimrose,kbimroseif@bluehost.com,Male,Banjar Dauhpura,Paralegal,6845
665,Helena,Wrixon,hwrixonig@meetup.com,Female,Terentang,Assistant Manager,9341
666,Francine,Giorgi,fgiorgiih@cisco.com,Female,Iberia,Civil Engineer,4221
667,Sherm,Conrart,sconrartii@hugedomains.com,Male,Zdenci,VP Marketing,8838
668,Brigit,Cowser,bcowserij@home.pl,Female,Bolaoit,Nuclear Power Engineer,9634
669,Jasen,Skoate,jskoateik@tumblr.com,Male,Shuitian,Project Manager,9975
670,Abner,Metzig,ametzigil@devhub.com,Male,Pindorama,Nurse Practicioner,6404
671,Indira,Fossick,ifossickim@ucoz.ru,Female,Zombo,Business Systems Development Analyst,3152
672,Raimondo,Trimby,rtrimbyin@macromedia.com,Male,Khatsyezhyna,Structural Analysis Engineer,1480
673,Bertrando,Braundt,bbraundtio@xinhuanet.com,Male,Zawiya,Web Designer II,9378
674,Dulcinea,D'Onisi,ddonisiip@foxnews.com,Female,Rotterdam,Recruiter,6860
675,Cordey,Symson,csymsoniq@cnet.com,Female,Rosário do Sul,Office Assistant I,4939
676,Kingston,Yeeles,kyeelesir@reuters.com,Male,Glagahan,Account Executive,2197
677,Tedd,Cranson,tcransonis@indiegogo.com,Male,Hadžići,VP Marketing,5933
678,Mariana,Calbreath,mcalbreathit@hostgator.com,Polygender,Himeji,Help Desk Operator,6339
679,Noni,Kattenhorn,nkattenhorniu@indiegogo.com,Female,Liuji,Research Nurse,4363
680,Madalena,Gawen,mgaweniv@livejournal.com,Female,Seremban,Technical Writer,7049
681,Brande,Bingle,bbingleiw@baidu.com,Female,Fenghuo,Software Engineer IV,9189
682,Kristel,Chiommienti,kchiommientiix@about.com,Female,Runka,Business Systems Development Analyst,3979
683,Bernadette,Spours,bspoursiy@smh.com.au,Female,Newtown,Quality Engineer,2256
684,Stearne,Jouandet,sjouandetiz@forbes.com,Male,Sucun,Accountant IV,7608
685,Claiborn,Caramuscia,ccaramusciaj0@myspace.com,Male,Jiazi,Research Nurse,6829
686,Ermina,Fry,efryj1@reverbnation.com,Female,Bastak,Senior Quality Engineer,3517
687,Farlee,Tither,ftitherj2@admin.ch,Male,Camabatela,Research Assistant IV,9332
688,Cazzie,Skilton,cskiltonj3@dot.gov,Male,Banjar Pande,VP Quality Control,8061
689,Toby,Boycott,tboycottj4@sciencedaily.com,Male,Guli,Structural Analysis Engineer,7480
690,Aldrich,Beau,abeauj5@apple.com,Male,Mahuta,Administrative Assistant I,1797
691,Doll,Demetr,ddemetrj6@jiathis.com,Polygender,Pagak Kulon,Community Outreach Specialist,4679
692,Mahmoud,Wink,mwinkj7@cpanel.net,Male,Livingstone,Environmental Tech,9348
693,Jesse,Rosenthaler,jrosenthalerj8@msu.edu,Bigender,Shilipu,Staff Scientist,2230
694,Andriana,Ruddoch,aruddochj9@berkeley.edu,Female,Kemendung,Quality Engineer,9724
695,Britni,Ivakhin,bivakhinja@usda.gov,Female,Pisão,Actuary,2746
696,Opalina,Carville,ocarvillejb@ftc.gov,Female,Laspezia,Technical Writer,4198
697,Helli,Derle,hderlejc@booking.com,Female,Villa Serrano,Pharmacist,8579
698,Zulema,Meriot,zmeriotjd@nydailynews.com,Female,Eenhana,GIS Technical Architect,3351
699,Veronique,Fibbitts,vfibbittsje@people.com.cn,Female,Béoumi,Staff Scientist,8791
700,Kyle,Silburn,ksilburnjf@spiegel.de,Female,Prigrevica,Help Desk Operator,5106
701,Xymenes,Steptoe,xsteptoejg@msn.com,Male,Calangain,VP Sales,8280
702,Johny,Maren,jmarenjh@amazonaws.com,Male,Pszczyna,Office Assistant IV,7983
703,Knox,Willerson,kwillersonji@pagesperso-orange.fr,Male,Gupakan,Account Executive,1519
704,Amalle,Bugbee,abugbeejj@census.gov,Female,Luxor,Civil Engineer,7777
705,Jacinthe,Kuna,jkunajk@upenn.edu,Bigender,Karangora,Nurse,9496
706,Brigham,Biffen,bbiffenjl@auda.org.au,Male,Yuanlin,VP Quality Control,3843
707,Wendi,Kilcullen,wkilcullenjm@cmu.edu,Female,Sitajara,Business Systems Development Analyst,7051
708,Zara,Fante,zfantejn@hatena.ne.jp,Female,Growong Lor,Analog Circuit Design manager,5905
709,Brigida,Allwell,ballwelljo@creativecommons.org,Female,Roslavl’,VP Sales,2602
710,Clem,Wiggans,cwiggansjp@berkeley.edu,Male,Cianorte,Dental Hygienist,8162
711,Robbert,Langhor,rlanghorjq@de.vu,Male,Örebro,Occupational Therapist,5064
712,Gwyneth,Silson,gsilsonjr@amazonaws.com,Female,Palmeira das Missões,Programmer III,3885
713,Shina,Divine,sdivinejs@who.int,Female,Zhaxi,Analog Circuit Design manager,2411
714,Roy,Bernardy,rbernardyjt@google.ru,Male,Пласница,Clinical Specialist,1643
715,Gabriela,Loude,gloudeju@springer.com,Female,Ajuy,Account Coordinator,9750
716,Norrie,Fitchet,nfitchetjv@about.com,Male,Linshui,Human Resources Manager,9372
717,Valma,Stanlake,vstanlakejw@webs.com,Female,Kuching,Payment Adjustment Coordinator,5309
718,Northrop,Eyckel,neyckeljx@tripod.com,Male,Capatárida,Automation Specialist IV,5112
719,Delaney,Fennelow,dfennelowjy@msn.com,Male,Chicheng,Speech Pathologist,2136
720,Barron,Baythrop,bbaythropjz@soundcloud.com,Male,Katuli,Quality Engineer,5648
721,Rube,Thraves,rthravesk0@vinaora.com,Male,Norrtälje,Engineer I,2894
722,Cliff,Pountney,cpountneyk1@livejournal.com,Male,Jiawu,Account Coordinator,2893
723,Darbee,Chezier,dchezierk2@umn.edu,Male,Lewodoli,Help Desk Technician,7288
724,Kylie,Coleridge,kcoleridgek3@livejournal.com,Female,Krolevets’,Administrative Officer,9678
725,Terra,Muggleston,tmugglestonk4@csmonitor.com,Bigender,Flórina,Graphic Designer,9806
726,Fax,Sexcey,fsexceyk5@amazon.com,Non-binary,Limen,Quality Control Specialist,9588
727,Baldwin,Aslam,baslamk6@usda.gov,Male,Novosheshminsk,Librarian,2540
728,Emmalynne,Irce,eircek7@twitter.com,Female,Dobrzyca,Information Systems Manager,9281
729,Cory,Poundesford,cpoundesfordk8@webnode.com,Female,Prozor,Developer II,6042
730,Bancroft,Wallach,bwallachk9@uol.com.br,Male,New Mīrpur,Civil Engineer,7578
731,Kerby,Abbie,kabbieka@tinypic.com,Male,Montpellier,Editor,6733
732,Yves,Soro,ysorokb@geocities.jp,Male,Lobuni,Analog Circuit Design manager,1817
733,Maurita,Whines,mwhineskc@reddit.com,Female,São Vicente,Senior Developer,2331
734,Brandice,Jarmaine,bjarmainekd@apple.com,Polygender,Växjö,Quality Engineer,1973
735,Shaine,Papis,spapiske@samsung.com,Male,Aelande,Operator,8906
736,Danyette,Rigolle,drigollekf@networksolutions.com,Female,Pueblo Viejo,VP Marketing,5048
737,Judon,Bouzan,jbouzankg@fema.gov,Male,Bogovinje,Electrical Engineer,2559
738,Martynne,Waddam,mwaddamkh@flavors.me,Female,Ādaži,Paralegal,9383
739,Hurley,Gotliffe,hgotliffeki@1688.com,Male,Yanghong,Administrative Assistant II,7900
740,Harli,Floyd,hfloydkj@ocn.ne.jp,Female,Bulalacao,Paralegal,2373
741,Misti,Eddoes,meddoeskk@nationalgeographic.com,Female,Rząśnik,Civil Engineer,9223
742,Bibbie,Tompkin,btompkinkl@g.co,Female,Makurdi,Recruiter,3577
743,Lorain,Petrie,lpetriekm@pagesperso-orange.fr,Female,Nazca,Human Resources Manager,5478
744,Ingra,Patterson,ipattersonkn@barnesandnoble.com,Bigender,Carmen de Viboral,Analyst Programmer,8638
745,Ruthanne,Coppard,rcoppardko@senate.gov,Female,Ngawen,Safety Technician IV,8702
746,Raphael,Abbison,rabbisonkp@multiply.com,Male,Tegalwero,Senior Editor,8709
747,Biron,Jennins,bjenninskq@zimbio.com,Male,Guishan,Programmer Analyst IV,8338
748,Hannis,Ventom,hventomkr@github.io,Female,Livádion,Tax Accountant,8782
749,Hilliard,Buxsey,hbuxseyks@imgur.com,Polygender,Phú Mỹ,Programmer I,7105
750,Cecily,McArt,cmcartkt@gmpg.org,Female,Niimi,Office Assistant II,6425
751,Rooney,Barten,rbartenku@live.com,Male,El Potrero,Administrative Officer,9391
752,Marsh,Stuer,mstuerkv@go.com,Male,Ganchazi,Senior Cost Accountant,1383
753,Cristabel,Kinglake,ckinglakekw@examiner.com,Female,Mirotice,Operator,3413
754,Uta,Spiller,uspillerkx@privacy.gov.au,Female,Jiufeng,Clinical Specialist,2759
755,Dulce,Gillopp,dgilloppky@nifty.com,Female,Cibunut,Budget/Accounting Analyst III,9699
756,Dennis,Archard,darchardkz@imdb.com,Male,Binjiang,Geologist IV,3786
757,Stevie,Lean,sleanl0@booking.com,Male,Pangligaran,Staff Accountant III,5437
758,Sigismundo,Mapston,smapstonl1@bloomberg.com,Male,Nanqiao,Account Executive,1914
759,Adolpho,Coomer,acoomerl2@google.co.jp,Agender,Cibenda,Quality Engineer,4798
760,Augusto,Matts,amattsl3@ihg.com,Male,Malianzhuang,Geological Engineer,2124
761,Josephina,Gasperi,jgasperil4@sciencedirect.com,Female,Skomielna Czarna,Analog Circuit Design manager,3383
762,Jobina,Oseman,josemanl5@tuttocitta.it,Non-binary,Göteborg,Human Resources Assistant II,1267
763,Odilia,Middlewick,omiddlewickl6@delicious.com,Female,Seremban,Health Coach I,6877
764,Gavan,Jans,gjansl7@wisc.edu,Male,Xinsheng,Analog Circuit Design manager,2138
765,Pavlov,Pardy,ppardyl8@vk.com,Male,Woerden,Quality Engineer,2532
766,Jacquette,Cully,jcullyl9@bloomberg.com,Female,Cherbourg-Octeville,Biostatistician III,6576
767,Wren,Skoof,wskoofla@thetimes.co.uk,Female,Usogorsk,Dental Hygienist,6158
768,Asa,Mitchall,amitchalllb@list-manage.com,Male,Maguling,Nurse Practicioner,3611
769,Inglebert,Adame,iadamelc@princeton.edu,Male,Itu,Payment Adjustment Coordinator,7067
770,Laurent,MacGown,lmacgownld@cbc.ca,Male,Kaeng Khro,Senior Cost Accountant,4748
771,Fabe,Layus,flayusle@digg.com,Male,Laozhuang,Human Resources Assistant I,3174
772,Betta,Marciskewski,bmarciskewskilf@ezinearticles.com,Female,Limulan,Help Desk Technician,9711
773,Derby,Tunnick,dtunnicklg@facebook.com,Male,Acatenango,Paralegal,9187
774,Arleta,Trewhitt,atrewhittlh@google.de,Female,Szprotawa,General Manager,7402
775,Tawnya,Tunbridge,ttunbridgeli@vkontakte.ru,Female,Wirodayan,Account Representative I,4276
776,Gabriel,Baress,gbaresslj@unicef.org,Male,Marsabit,Media Manager I,8120
777,Rivi,Daykin,rdaykinlk@printfriendly.com,Female,Ajdabiya,Systems Administrator III,8850
778,Hans,Akred,hakredll@nymag.com,Male,Ad Dabbah,Developer II,8793
779,Cairistiona,Churching,cchurchinglm@state.gov,Female,António Enes,Assistant Media Planner,4723
780,Nerty,Radbourn,nradbournln@illinois.edu,Female,Shunhe,Health Coach IV,4175
781,Sinclare,O'Shesnan,soshesnanlo@disqus.com,Male,Ban Na Muang,Software Test Engineer II,3244
782,Hildegaard,Lawles,hlawleslp@biglobe.ne.jp,Female,Soloma,Structural Analysis Engineer,2689
783,Dwain,Jamson,djamsonlq@cdbaby.com,Male,Zwettl,Help Desk Technician,4559
784,Constance,Klimentov,cklimentovlr@vkontakte.ru,Female,Wakapuken,Senior Developer,3125
785,Caterina,Atwater,catwaterls@xinhuanet.com,Female,Cercal,Research Assistant IV,2003
786,Esmaria,Player,eplayerlt@yellowpages.com,Female,Granada,Nurse Practicioner,3404
787,Johannah,Bagg,jbagglu@nydailynews.com,Female,Kazimierz Dolny,Desktop Support Technician,2640
788,Cristiano,Pascoe,cpascoelv@washington.edu,Male,Puksoozero,Graphic Designer,6830
789,Rex,Montgomery,rmontgomerylw@usgs.gov,Male,Stavropol’,Editor,9062
790,Lilith,Apted,laptedlx@oakley.com,Female,Chelopech,Software Consultant,3098
791,Legra,Shorrock,lshorrockly@mapquest.com,Female,Goyty,Analog Circuit Design manager,1721
792,Minda,Shillitto,mshillittolz@symantec.com,Female,Wailolong,Quality Engineer,8493
793,Curtice,Firth,cfirthm0@fema.gov,Bigender,Shi’ao,Research Associate,1208
794,Alyce,Trayes,atrayesm1@linkedin.com,Female,Gabú,Librarian,2774
795,Adrien,Amberger,aambergerm2@ebay.co.uk,Non-binary,Bagrāmī,Help Desk Operator,7113
796,Camile,Terlinden,cterlindenm3@jalbum.net,Agender,Dorp Antriol,Senior Sales Associate,5195
797,Freddy,Budgen,fbudgenm4@cloudflare.com,Female,Frampol,Developer IV,7191
798,Almire,Epps,aeppsm5@chicagotribune.com,Female,Angoulême,Computer Systems Analyst III,7002
799,Koenraad,Brownsword,kbrownswordm6@sfgate.com,Male,Dnipryany,Research Assistant I,2779
800,Evangelia,Winder,ewinderm7@meetup.com,Female,Shiqiao,Biostatistician I,5705
801,Olga,Gaenor,ogaenorm8@ucoz.com,Female,Salima,Safety Technician IV,5759
802,Danika,McGlaud,dmcglaudm9@examiner.com,Female,Leśna Podlaska,Senior Developer,2377
803,Talbert,Kolyagin,tkolyaginma@hp.com,Male,Wattegama,Senior Financial Analyst,7919
804,Anabella,Charity,acharitymb@biglobe.ne.jp,Female,Porto Velho,Editor,1072
805,Lucila,Bridgen,lbridgenmc@wikimedia.org,Female,Velyka Oleksandrivka,Structural Analysis Engineer,1793
806,Ursula,Valadez,uvaladezmd@ucsd.edu,Female,Chaihe,Systems Administrator I,1658
807,Rosette,Filewood,rfilewoodme@illinois.edu,Female,Karlstad,Senior Editor,2766
808,Delila,Siveyer,dsiveyermf@sourceforge.net,Female,Nowe Miasto,Mechanical Systems Engineer,7669
809,Hendrick,McKennan,hmckennanmg@etsy.com,Male,Hong’an,Safety Technician II,3589
810,Reeta,Lukianovich,rlukianovichmh@mlb.com,Genderqueer,Novokuz’minki,Professor,1077
811,Salomo,Gatenby,sgatenbymi@ox.ac.uk,Male,Mesa,Developer II,9418
812,Pam,Moule,pmoulemj@ow.ly,Female,Firmat,Civil Engineer,2598
813,Daniela,Botterill,dbotterillmk@phpbb.com,Non-binary,Mascouche,Administrative Assistant III,6018
814,Derrik,Brigstock,dbrigstockml@wsj.com,Male,Chemodanovka,Paralegal,3178
815,Laney,Denning,ldenningmm@psu.edu,Female,Cabatuan,Civil Engineer,8840
816,Hashim,Drover,hdrovermn@tripadvisor.com,Male,Strömsund,Administrative Officer,9471
817,Dulcine,Skoggings,dskoggingsmo@statcounter.com,Female,Panjing,Software Consultant,3225
818,Erick,Linger,elingermp@ebay.co.uk,Male,Sukaraharja,VP Accounting,4780
819,Anatole,Foord,afoordmq@disqus.com,Male,Uralo-Kavkaz,Senior Developer,5645
820,Brewster,Mathivon,bmathivonmr@360.cn,Male,Velké Pavlovice,Operator,3173
821,Munmro,Francescotti,mfrancescottims@bbb.org,Male,Naifalo,Professor,7698
822,Giffard,Croneen,gcroneenmt@vimeo.com,Male,Stoczek,VP Accounting,1691
823,Tad,Lightoller,tlightollermu@virginia.edu,Male,Kangān,Sales Representative,5660
824,Bert,Whitelock,bwhitelockmv@dedecms.com,Male,Peristerona,Assistant Media Planner,6344
825,Harley,Janssens,hjanssensmw@github.com,Genderfluid,Chervyen’,Mechanical Systems Engineer,5094
826,Dreddy,Isherwood,disherwoodmx@technorati.com,Female,Qom,Senior Financial Analyst,2369
827,Hilarius,Elsmere,helsmeremy@mashable.com,Male,Chasŏng,Administrative Officer,8094
828,Astrid,Hallex,ahallexmz@house.gov,Female,Manchester,Automation Specialist I,7567
829,Sibylle,Blagburn,sblagburnn0@craigslist.org,Female,Sanxi,Executive Secretary,6613
830,Alma,Shallcrass,ashallcrassn1@sakura.ne.jp,Genderfluid,Niš,Chief Design Engineer,4019
831,Yelena,Holsey,yholseyn2@loc.gov,Female,Chocope,Marketing Assistant,4986
832,Wash,Haddleston,whaddlestonn3@list-manage.com,Male,Geshan,Executive Secretary,8727
833,Rhianna,Berzins,rberzinsn4@mapy.cz,Female,Puerto López,Budget/Accounting Analyst II,7144
834,Moritz,Lewtey,mlewteyn5@imageshack.us,Genderqueer,Leganes,Biostatistician IV,5705
835,Austen,Cunniff,acunniffn6@hatena.ne.jp,Male,Puan,Quality Engineer,6691
836,Lyn,Well,lwelln7@bloomberg.com,Male,Huangzhu,Nurse,8098
837,Bastian,McKenzie,bmckenzien8@joomla.org,Male,Yangjiapo,VP Accounting,7518
838,Lea,Bryett,lbryettn9@jimdo.com,Female,Las Vegas,Software Engineer I,3734
839,Kristian,Hellings,khellingsna@tinyurl.com,Male,Zhongba,Editor,1219
840,Bronny,Campion,bcampionnb@vinaora.com,Male,Shijing,Paralegal,7902
841,Katerine,Pennycock,kpennycocknc@yellowpages.com,Female,Dedenëvo,Clinical Specialist,2103
842,Brenda,Alkins,balkinsnd@mediafire.com,Polygender,Pirallahı,VP Accounting,9971
843,Andriette,Oldland,aoldlandne@nasa.gov,Female,Keyi,Technical Writer,7613
844,Ignace,Kerner,ikernernf@go.com,Male,Nassarawa,Payment Adjustment Coordinator,6027
845,Nonnah,Chat,nchatng@bigcartel.com,Female,Rosário do Sul,Environmental Tech,7130
846,Osbourne,Lochead,olocheadnh@geocities.jp,Male,Novobiryusinskiy,Geological Engineer,1702
847,Aili,Cavill,acavillni@sakura.ne.jp,Female,Neryungri,Human Resources Assistant I,8488
848,Izaak,Botha,ibothanj@dot.gov,Male,Petropavlovka,Analyst Programmer,3915
849,Hardy,Pardey,hpardeynk@fda.gov,Genderfluid,Jiangcun,Food Chemist,6367
850,Jonathan,Sprakes,jsprakesnl@booking.com,Male,Panguipulli,Actuary,4544
851,Hazel,Legh,hleghnm@multiply.com,Male,Mainang,Associate Professor,7362
852,Jaime,McGlew,jmcglewnn@disqus.com,Male,Mansôa,VP Quality Control,7128
853,Bunny,Rubertis,brubertisno@newsvine.com,Female,Qacha’s Nek,Research Associate,2234
854,Adena,Raffeorty,araffeortynp@indiatimes.com,Agender,Papakura,Computer Systems Analyst I,5619
855,Celia,Dod,cdodnq@bravesites.com,Female,Tufang,Information Systems Manager,5635
856,Annmarie,Pigeon,apigeonnr@scientificamerican.com,Female,Viligili,Account Executive,2205
857,Delainey,Reedman,dreedmanns@mlb.com,Male,Penha,Automation Specialist III,5184
858,Nerissa,Haney,nhaneynt@auda.org.au,Female,Dongxin,Chief Design Engineer,7554
859,Marylynne,Bailie,mbailienu@1688.com,Female,Kanḏay,Social Worker,2731
860,Huberto,O' Culligan,hoculligannv@toplist.cz,Bigender,Bwizibwera,Budget/Accounting Analyst IV,8542
861,Tomasine,Mebes,tmebesnw@amazon.de,Female,Kéfalos,Environmental Tech,2983
862,Sarge,Ivell,sivellnx@cbc.ca,Male,Sabnova,Mechanical Systems Engineer,4328
863,Reeva,Shepley,rshepleyny@taobao.com,Female,Qukës-Skënderbe,Senior Financial Analyst,4170
864,Pavel,Widdecombe,pwiddecombenz@omniture.com,Bigender,Bang Kaeo,Executive Secretary,5651
865,Araldo,Mattei,amatteio0@chron.com,Agender,Zhangatas,Quality Engineer,7798
866,Tony,Duran,tdurano1@va.gov,Female,Konosha,Speech Pathologist,6219
867,Duffy,Turfitt,dturfitto2@chicagotribune.com,Male,Fantan,Marketing Manager,6260
868,Cliff,Tomkinson,ctomkinsono3@google.ru,Male,Oxbow,Recruiter,8448
869,Minerva,Cranmore,mcranmoreo4@salon.com,Female,Niihama,Social Worker,3936
870,Andie,Lathleiffure,alathleiffureo5@amazon.de,Male,El Calvario,Engineer IV,5314
871,Jorrie,Kentish,jkentisho6@statcounter.com,Female,Heping,VP Quality Control,5387
872,Bridgette,O'Heaney,boheaneyo7@drupal.org,Female,Beloyarskiy,Quality Control Specialist,8843
873,Marney,Towersey,mtowerseyo8@nps.gov,Female,Kawakawa,Information Systems Manager,4850
874,Hansiain,Childes,hchildeso9@apple.com,Male,Zamoskvorech’ye,Information Systems Manager,1268
875,Liv,Spearett,lspearettoa@diigo.com,Female,Courtaboeuf,Physical Therapy Assistant,9535
876,Constanta,Youthed,cyouthedob@slideshare.net,Female,Qi’an,Human Resources Assistant I,7082
877,Barret,Tillot,btillotoc@comsenz.com,Male,Yuscarán,Nurse Practicioner,7858
878,Noe,Cattlow,ncattlowod@digg.com,Male,Tsotsin-Yurt,Quality Control Specialist,5566
879,Sophie,Halvosen,shalvosenoe@scientificamerican.com,Female,Fort Wayne,Civil Engineer,1491
880,Truda,Holdall,tholdallof@utexas.edu,Female,Macedo de Cavaleiros,Account Coordinator,7088
881,Helenka,Tarbath,htarbathog@soup.io,Female,Patrocínio,Systems Administrator III,1839
882,Laurie,Harfleet,lharfleetoh@behance.net,Agender,Shreveport,Account Representative III,6431
883,Willow,Gori,wgorioi@amazon.de,Female,Masarayao,Web Designer III,7642
884,Dana,Zottoli,dzottolioj@salon.com,Female,Sumberejo,Programmer I,2831
885,Gerrard,Espinay,gespinayok@storify.com,Male,Houjiagang,Engineer II,8685
886,Sadella,McEttigen,smcettigenol@opensource.org,Female,Senekal,Analog Circuit Design manager,5410
887,Ermengarde,Jandl,ejandlom@cnet.com,Female,Sanya,Senior Sales Associate,5138
888,Ron,Ivanisov,rivanisovon@zdnet.com,Male,Hương Sơn,VP Quality Control,4336
889,Bennie,Bier,bbieroo@scientificamerican.com,Male,Zhangping,Compensation Analyst,8973
890,Norah,Huckle,nhuckleop@tinypic.com,Female,Panguna,Sales Associate,4024
891,Freedman,MacRannell,fmacrannelloq@stanford.edu,Male,Kranjska Gora,Speech Pathologist,6106
892,John,Crabbe,jcrabbeor@exblog.jp,Male,Huabeitun,Programmer Analyst I,7166
893,Clarke,Brett,cbrettos@joomla.org,Male,Wiskitki,Accounting Assistant IV,4520
894,Shelbi,Robardley,srobardleyot@google.pl,Female,Pakel,Sales Associate,2033
895,Carolyne,Gater,cgaterou@smugmug.com,Female,Stalís,Paralegal,7421
896,Elliot,Venour,evenourov@microsoft.com,Male,Sokol,Human Resources Manager,9826
897,Waylen,Simonnet,wsimonnetow@go.com,Male,Millerovo,Quality Engineer,8410
898,Denna,Anshell,danshellox@trellian.com,Female,Chendong,Registered Nurse,1440
899,Robena,Helleckas,rhelleckasoy@imdb.com,Female,Szklarska Poręba,Payment Adjustment Coordinator,2342
900,Arvie,Insworth,ainsworthoz@yahoo.co.jp,Male,San Antonio,Sales Representative,2148
901,Kaycee,Kop,kkopp0@ebay.co.uk,Female,Libertad,Structural Engineer,5535
902,Allina,Ruzicka,aruzickap1@hibu.com,Female,Ar Rawnah,Social Worker,9255
903,Ugo,Morby,umorbyp2@patch.com,Male,Guayabo Dulce,Staff Accountant III,1996
904,Roderick,Zolini,rzolinip3@netvibes.com,Male,Santa Maria da Vitória,Quality Control Specialist,9536
905,Odella,Achromov,oachromovp4@xinhuanet.com,Female,Faranah,Professor,6339
906,Demetris,Livsey,dlivseyp5@upenn.edu,Female,Ovsyanka,Legal Assistant,8512
907,Edlin,Stockwell,estockwellp6@sun.com,Male,Guaraciaba do Norte,Marketing Manager,9430
908,Shara,Leethem,sleethemp7@businessinsider.com,Female,Tuanlin,Senior Cost Accountant,4351
909,Beryle,Levington,blevingtonp8@bbb.org,Female,Yong’an,Tax Accountant,1568
910,Jard,Danton,jdantonp9@google.pl,Male,Kastsyukovichy,Environmental Tech,9510
911,Antin,Kermott,akermottpa@last.fm,Male,Oltinko’l,Database Administrator IV,4914
912,Aurlie,Celes,acelespb@comsenz.com,Female,Khenifra,Civil Engineer,5536
913,Colan,Zelner,czelnerpc@amazon.de,Male,Panoongan,Recruiter,8052
914,Uri,Cust,ucustpd@dropbox.com,Male,Hacıhüseynli,Media Manager IV,3268
915,Kathy,Berre,kberrepe@senate.gov,Female,Beijiang,Administrative Assistant III,8738
916,Gilles,Stubbings,gstubbingspf@dedecms.com,Male,Colcabamba,Programmer II,3520
917,Lucina,Sandiland,lsandilandpg@t.co,Female,Žirovnice,Librarian,5531
918,Clerc,Baddow,cbaddowph@moonfruit.com,Male,Lipci,Occupational Therapist,6403
919,Perl,Orwin,porwinpi@boston.com,Female,Visconde do Rio Branco,Quality Control Specialist,3882
920,Brandtr,MacPhee,bmacpheepj@pen.io,Male,Sedan,Engineer II,3570
921,Tamar,Simms,tsimmspk@theatlantic.com,Female,Bedayutalang,Geologist IV,7024
922,Earle,Kestell,ekestellpl@sphinn.com,Genderqueer,Saint John,Food Chemist,4027
923,Chelsea,Kalvin,ckalvinpm@i2i.jp,Female,Mérignac,Assistant Media Planner,9018
924,Ximenes,Jiri,xjiripn@craigslist.org,Male,Soweto,Nuclear Power Engineer,6721
925,Jordon,Ehlerding,jehlerdingpo@tuttocitta.it,Male,Olleros,GIS Technical Architect,2030
926,Peadar,Lefort,plefortpp@sakura.ne.jp,Polygender,La Roche-sur-Yon,Teacher,6564
927,Appolonia,Yallowley,ayallowleypq@admin.ch,Female,Chocos,Accountant III,5402
928,Thomas,Greatreax,tgreatreaxpr@opera.com,Male,Xialaxiu,Recruiting Manager,7840
929,Trista,Rowlin,trowlinps@4shared.com,Female,Erenhot,Sales Representative,3950
930,Prentice,Loveguard,ploveguardpt@tripod.com,Male,Banjar Kawan,VP Quality Control,7484
931,Ellary,Clendening,eclendeningpu@livejournal.com,Male,Oli,Compensation Analyst,6940
932,Fiann,Studman,fstudmanpv@bandcamp.com,Polygender,Komprachcice,Civil Engineer,2275
933,Tedman,Dradey,tdradeypw@spotify.com,Male,Cincinnati,Research Associate,1607
934,Kristan,Wiszniewski,kwiszniewskipx@newyorker.com,Female,Fujikawaguchiko,VP Marketing,7522
935,Ashia,Uff,auffpy@aol.com,Agender,Sagara,Analyst Programmer,4319
936,Cordy,Dilston,cdilstonpz@sciencedirect.com,Male,Toledo,Accounting Assistant III,2533
937,Grete,Attewill,gattewillq0@illinois.edu,Genderqueer,Huaquirca,Budget/Accounting Analyst III,9775
938,Eada,Phillipp,ephillippq1@umn.edu,Bigender,Mensalong,Computer Systems Analyst IV,4874
939,Eve,Stookes,estookesq2@digg.com,Female,Łomża,Marketing Manager,8720
940,Nathalia,Maddocks,nmaddocksq3@liveinternet.ru,Female,São Sebastião,Marketing Manager,9271
941,Carline,Culham,cculhamq4@usda.gov,Female,Rudnya,Analyst Programmer,3459
942,Karie,Signoret,ksignoretq5@blogtalkradio.com,Agender,Abomsa,Business Systems Development Analyst,5472
943,Isa,Tweedy,itweedyq6@springer.com,Male,Ouro Branco,Information Systems Manager,9133
944,Worden,Rubenovic,wrubenovicq7@squarespace.com,Male,Leskolovo,Design Engineer,4937
945,Mozelle,Arni,marniq8@latimes.com,Female,Wenxian Chengguanzhen,Junior Executive,3652
946,Marabel,Delany,mdelanyq9@mapy.cz,Female,Yilongyong,Nurse Practicioner,9205
947,Inge,Losseljong,ilosseljongqa@hubpages.com,Female,Maszkienice,Administrative Officer,7899
948,Sibby,Lamacraft,slamacraftqb@naver.com,Female,Olonets,Administrative Officer,3368
949,Panchito,Syne,psyneqc@imageshack.us,Male,Marseille,Engineer IV,2640
950,Vikky,McGillecole,vmcgillecoleqd@google.ca,Female,Rauco,Account Coordinator,4975
951,Kennan,Sewart,ksewartqe@blogs.com,Male,Kademangan,Technical Writer,8378
952,Curcio,Louden,cloudenqf@liveinternet.ru,Male,Cartagena,Automation Specialist IV,2482
953,Celka,Efford,ceffordqg@amazon.co.uk,Bigender,Ḑubāh,Recruiting Manager,4557
954,Christye,Dairton,cdairtonqh@wisc.edu,Female,Būlaevo,Product Engineer,2958
955,Roana,Scamp,rscampqi@dailymail.co.uk,Female,Sukarame,Social Worker,2259
956,Geraldine,McConachie,gmcconachieqj@skype.com,Bigender,Pierzchnica,Compensation Analyst,8671
957,Lishe,Wolfindale,lwolfindaleqk@mtv.com,Agender,Cuyotenango,Civil Engineer,5817
958,Easter,Pudding,epuddingql@ebay.com,Female,Vinha,Safety Technician I,8429
959,Karine,Wichard,kwichardqm@springer.com,Genderqueer,Fairview,Senior Developer,6343
960,Bobinette,Hanscome,bhanscomeqn@theguardian.com,Female,Sakon Nakhon,Database Administrator I,5746
961,Carina,Dowsey,cdowseyqo@delicious.com,Female,Furong,Junior Executive,7046
962,Emile,Sundin,esundinqp@wisc.edu,Male,Novopavlovsk,Librarian,7511
963,Maisie,Beaney,mbeaneyqq@infoseek.co.jp,Female,Jurva,Financial Advisor,5946
964,Noah,Perford,nperfordqr@bizjournals.com,Male,Tomice,Research Assistant IV,9328
965,Jeffy,Alenshev,jalenshevqs@amazon.de,Male,Borzytuchom,Chief Design Engineer,4745
966,Hoebart,Back,hbackqt@comsenz.com,Male,Wielgie,Actuary,3319
967,Elfie,Bigmore,ebigmorequ@wufoo.com,Female,Cimanggu,Compensation Analyst,8909
968,Magda,Iremonger,miremongerqv@theatlantic.com,Non-binary,Olyka,Dental Hygienist,8189
969,Candy,Trembley,ctrembleyqw@cmu.edu,Female,Angered,Senior Quality Engineer,3235
970,Goldie,Bradtke,gbradtkeqx@economist.com,Female,Larangan,Statistician IV,6731
971,Justen,De Rye Barrett,jderyebarrettqy@mac.com,Male,Bulakbanjar,Administrative Assistant III,8472
972,Garald,Gippes,ggippesqz@sun.com,Male,Itsandra,Assistant Professor,2845
973,Duffie,Snowball,dsnowballr0@prnewswire.com,Genderqueer,Kobrinskoye,Editor,7619
974,Beatriz,Grabert,bgrabertr1@npr.org,Female,Dole,Financial Analyst,6559
975,Cory,Jessett,cjessettr2@hp.com,Female,Montrouge,Software Engineer II,9516
976,Keenan,Paule,kpauler3@xinhuanet.com,Male,Soriano,Paralegal,6531
977,Xylina,Lockey,xlockeyr4@nhs.uk,Female,Los Boquerones,Marketing Assistant,8673
978,Yoshiko,Baytrop,ybaytropr5@businesswire.com,Female,Al Maşlūb,GIS Technical Architect,1432
979,Ardelia,Rubenovic,arubenovicr6@wix.com,Female,Novocheboksarsk,Community Outreach Specialist,7200
980,Hannis,Chasteney,hchasteneyr7@nymag.com,Female,Triolet,Information Systems Manager,3661
981,Beitris,Heijnen,bheijnenr8@sfgate.com,Female,Palayan City,Staff Accountant IV,5196
982,Natal,Spaight,nspaightr9@samsung.com,Male,Lipci,Teacher,5590
983,Mauricio,Chopy,mchopyra@taobao.com,Male,Kristiansand S,Actuary,6852
984,Beatrisa,Nekrews,bnekrewsrb@prnewswire.com,Female,Huai’an,Programmer III,9887
985,Jackquelin,Juzek,jjuzekrc@webeden.co.uk,Female,Stříbro,Tax Accountant,3161
986,Rodrick,Willoughway,rwilloughwayrd@bravesites.com,Male,Shangma,Community Outreach Specialist,5776
987,Feodora,Purdie,fpurdiere@google.cn,Non-binary,Santa Fe,Media Manager II,7711
988,Brodie,Brashaw,bbrashawrf@dailymotion.com,Male,As Suwaydā,Executive Secretary,2608
989,Julienne,Cleatherow,jcleatherowrg@usda.gov,Female,Leonárisso,Payment Adjustment Coordinator,5924
990,Grissel,Rudgerd,grudgerdrh@who.int,Female,Sunzhuang,Editor,7120
991,Irwin,Wallwood,iwallwoodri@artisteer.com,Male,Kota Kinabalu,Assistant Professor,5869
992,Quintus,MacKall,qmackallrj@bandcamp.com,Male,Serpukhov,Web Developer I,7735
993,Allayne,Murphey,amurpheyrk@yellowbook.com,Male,Springfield,Design Engineer,2206
994,Katharine,Hightown,khightownrl@google.com,Female,Cabañas,Senior Sales Associate,1813
995,Marianne,Tenwick,mtenwickrm@mac.com,Female,Cheongju-si,Help Desk Technician,4292
996,Anya,Poynzer,apoynzerrn@dropbox.com,Female,Sumalig,Accounting Assistant II,6275
997,Clarisse,Deavin,cdeavinro@dell.com,Female,Oromocto,Junior Executive,6891
998,Curran,Blowing,cblowingrp@wordpress.com,Male,Danané,GIS Technical Architect,3188
999,Dev,Beloe,dbeloerq@addtoany.com,Male,Koufália,Safety Technician III,5606
1000,Stacey,Bernardet,sbernardetrr@fotki.com,Female,San Agustin,Staff Accountant IV,1328
